Well_ID,Name,Well,Dil,ABS_450,CONC,Count,Mean,Std_dev,CV,plate 
BLK,,B7,,0.824,11.67431184,2,10.71246981,1.360250051,8.978714078,5
,,B8,,0.832,9.750627775,,,,,5
NSB,,A7,,0.071,>5249.023,0,?????,?????,?????,5
,,A8,,0.074,>5249.023,,,,,5
SPL1,b13 5-3 pre,D9,,0.35,681.0815785,2,718.5055757,52.92552433,5.208588273,5
,,D10,,0.336,755.9295728,,,,,5
SPL2,b13 5-3,E9,,0.315,889.4409418,2,946.9867784,81.38210249,6.076730727,5
,,E10,,0.3,1004.532615,,,,,5
SPL3,b13 5-1 pre,F9,,0.522,215.0304606,2,208.2221882,9.62835113,3.269715122,5
,,F10,,0.532,201.4139159,,,,,5
SPL4,b13 5-1,G9,,0.263,1391.797012,2,1439.950541,68.09937327,3.344109903,5
,,G10,,0.256,1488.10407,,,,,5
SPL5,b5 5-3 pre,H9,,0.276,1235.115491,2,1163.914396,100.6935539,6.117382433,5
,,H10,,0.29,1092.713301,,,,,5
SPL6,b5 5-3,A11,,0.23,1945.419436,2,1934.81551,14.99621614,0.548058772,5
,,A12,,0.231,1924.211584,,,,,5
SPL7,b5 2-2 pre,B11,,0.298,1021.370213,2,1057.041757,50.4471817,3.374658005,5
,,B12,,0.29,1092.713301,,,,,5
SPL8,b5 2-2,C11,,0.334,767.4677685,2,719.3193579,68.09213537,6.693606969,5
,,C12,,0.352,671.1709472,,,,,5
SPL9,b4 1-4 pre,D11,,0.232,1903.346112,2,1980.113829,108.5659473,3.87693457,5
,,D12,,0.225,2056.881547,,,,,5
SPL10,b4 1-4,E11,,0.277,1224.112057,2,1182.466155,58.89619957,3.52195299,5
,,E12,,0.285,1140.820253,,,,,5
SPL11,b4 1-1 pre,F11,,0.356,651.8877384,2,656.6644508,6.75529149,0.72742059,5
,,F12,,0.354,661.4411633,,,,,5
SPL12,b4 1-1,G11,,0.291,1083.428944,2,1137.671294,76.71026663,4.767840238,5
,,G12,,0.28,1191.913643,,,,,5
STD1,,C7,5000,0.155,>5249.023,1,4745.509,?????,?????,5
,,C8,5000,0.166,4745.509,,,,,5
STD2,,D7,2500,0.209,2486.456792,2,2332.331673,217.9658339,6.608199042,5
,,D8,2500,0.22,2178.206553,,,,,5
STD3,,E7,1250,0.27,1304.149943,2,1381.892722,109.9448929,5.625818708,5
,,E8,1250,0.258,1459.635502,,,,,5
STD4,,F7,625,0.368,598.0367239,2,550.1488736,67.72364739,8.704525741,5
,,F8,625,0.393,502.2610233,,,,,5
STD5,,G7,312.5,0.458,325.8418382,2,342.6296303,23.74152329,4.899690694,5
,,G8,312.5,0.443,359.4174224,,,,,5
STD6,,H7,156.25,0.567,159.6509943,2,168.0791197,11.91916926,5.01437979,5
,,H8,156.25,0.552,176.5072451,,,,,5
STD7,,A9,78.125,0.688,64.72360874,2,63.35096996,1.941204386,2.166721024,5
,,A10,78.125,0.693,61.97833117,,,,,5
STD8,,B9,39.063,0.73,43.79775269,2,44.24400107,0.631090509,1.008607647,5
,,B10,39.063,0.728,44.69024945,,,,,5
STD9,,C9,19.531,0.79,21.21488298,2,18.6910268,3.569271637,13.50303654,5
,,C10,19.531,0.807,16.16717062,,,,,5
BLK,,B1,,0.8,5.116856807,2,6.310298076,1.687780828,18.91259739,4
,,B2,,0.795,7.503739345,,,,,4
NSB,,A1,,0.073,>5249.023,0,?????,?????,?????,4
,,A2,,0.081,>5249.023,,,,,4
SPL1,B9 3-4 pre,D3,,0.239,1559.618829,2,1730.780872,242.0596821,9.889295952,4
,,D4,,0.221,1901.942914,,,,,4
SPL2,b9 3-4,E3,,0.179,3542.935246,2,3446.185315,136.825064,2.807450029,4
,,E4,,0.182,3349.435384,,,,,4
SPL3,b9 1-3 pre,F3,,0.305,881.072642,2,950.7184431,98.49403644,7.325596929,4
,,F4,,0.286,1020.364244,,,,,4
SPL4,b9 1-3,G3,,0.184,3230.849667,2,3494.404757,372.7231828,7.542202704,4
,,G4,,0.176,3757.959847,,,,,4
SPL5,b6 2-2 pre,H3,,0.327,752.0839124,2,702.249402,70.47664057,7.096411947,4
,,H4,,0.348,652.4148915,,,,,4
SPL6,b6 2-2,A5,,0.308,861.6839478,2,801.7015023,84.82798787,7.481892611,4
,,A6,,0.329,741.7190568,,,,,4
SPL7,b6 1-1 pre,B5,,0.273,1135.895217,2,1090.631185,64.01300736,4.150260163,4
,,B6,,0.283,1045.367153,,,,,4
SPL8,b6 1-1,C5,,0.235,1626.255143,2,1539.80853,122.2539728,5.614114449,4
,,C6,,0.246,1453.361917,,,,,4
SPL9,b3 4-1 pre,D5,,0.261,1261.746472,2,1297.473085,50.52506075,2.753553309,4
,,D6,,0.255,1333.199698,,,,,4
SPL10,b3 4-1,E5,,0.427,400.5520592,2,369.2936879,44.20601254,8.464366508,4
,,E6,,0.456,338.0353167,,,,,4
SPL11,b3 4-2 pre,F5,,0.332,726.5424707,2,772.6666588,65.22945246,5.969480842,4
,,F6,,0.315,818.790847,,,,,4
SPL12,b3 4-2,G5,,0.373,555.5358356,2,550.3648175,7.312923893,0.939561889,4
,,G6,,0.376,545.1937994,,,,,4
SPL13,b2 4-4 pre,H5,,0.168,4468.644011,2,4233.477274,332.5759892,5.5549309,4
,,H6,,0.173,3998.310536,,,,,4
SPL14,b2 4-4,A7,,0.381,528.490313,2,549.1034735,29.15141104,3.753966497,4
,,A8,,0.369,569.7166339,,,,,4
SPL15,b2 4-3 pre,B7,,0.308,861.6839478,2,888.2627218,37.58806264,2.992219907,4
,,B8,,0.3,914.8414957,,,,,4
SPL16,b2 4-3,C7,,0.266,1206.756134,2,1251.720074,63.58861447,3.592172197,4
,,C8,,0.258,1296.684015,,948.0942685,,,4
SPL17,b14 3-1 pre,D7,,0.361,599.5045223,2,658.0841171,82.84405752,8.901536038,4
,,D8,,0.334,716.663712,,,,,4
SPL18,b14 3-1,E7,,0.246,1453.361917,2,1557.369205,147.088518,6.678396373,4
,,E8,,0.233,1661.376494,,,,,4
SPL19,b14 3-4 pre,F7,,0.282,1053.91009,2,1045.419956,12.006862,0.812126599,4
,,F8,,0.284,1036.929823,,,,,4
SPL20,b14 3-4,G7,,0.214,2071.291639,2,2021.392495,70.56804603,2.468552941,4
,,G8,,0.218,1971.493351,,,,,4
SPL21,b12 4-2 pre,H7,,0.336,706.9698678,2,754.1585628,66.73489257,6.257131776,4
,,H8,,0.318,801.3472579,,,,,4
SPL22,b12 4-2,A9,,0.246,1453.361917,2,1405.917866,67.09602045,3.374596213,4
,,A10,,0.253,1358.473815,,,,,4
SPL23,b12 1-2 pre,B9,,0.223,1857.873972,2,1716.860263,199.4234999,8.213464552,4
,,B10,,0.238,1575.846554,,,,,4
SPL24,b12 1-2,C9,,0.273,1135.895217,2,1216.289616,113.6948496,6.609807243,4
,,C10,,0.258,1296.684015,,,,,4
SPL25,b11 1-3 pre,D9,,0.306,874.5393988,2,891.2379979,23.61538528,1.873640836,4
,,D10,,0.301,907.9365969,,,,,4
SPL26,b11 1-3,E9,,0.165,4803.407447,2,4584.985147,308.8957783,9.326,4
,,E10,,0.169,4366.562848,,,,,4
SPL27,b11 4-4 pre,F9,,0.274,1126.305685,2,1065.25202,86.34292083,5.731382217,4
,,F10,,0.288,1004.198355,,,,,4
SPL28,b11 4-4,G9,,0.19,2916.989211,2,3073.919439,221.9328567,5.105216028,4
,,G10,,0.184,3230.849667,,,,,4
SPL29,b1 2-2 pre,H9,,0.311,842.9115988,2,923.5549769,114.0469589,8.731843806,4
,,H10,,0.288,1004.198355,,,,,4
SPL30,b1 2-2,A11,,0.442,366.7984642,2,333.8487001,46.59800327,9.86966973,4
,,A12,,0.476,300.898936,,,,,4
STD1,,C1,5000,0.156,>5249.023,2,?????,?????,?????,4
,,C2,5000,0.161,>5249.023,,,,,4
STD2,,D1,2500,0.202,2430.642086,2,2238.089194,272.3109116,8.60345033,4
,,D2,2500,0.215,2045.536302,,,,,4
STD3,,E1,1250,0.26,1273.223329,2,1335.545546,88.13692489,4.666423953,4
,,E2,1250,0.25,1397.867763,,,,,4
STD4,,F1,625,0.351,639.6708027,2,631.4303672,11.65373566,1.305042636,4
,,F2,625,0.355,623.1899317,,,,,4
STD5,,G1,312.5,0.476,300.898936,2,308.0681046,10.13873541,2.327137557,4
,,G2,312.5,0.468,315.2372731,,,,,4
STD6,,H1,156.25,0.567,174.1541986,2,163.0527845,15.69977031,6.808478668,4
,,H2,156.25,0.588,151.9513705,,,,,4
STD7,,A3,78.125,0.67,81.59887821,2,75.24690866,8.983041487,8.441502335,4
,,A4,78.125,0.688,68.89493911,,,,,4
STD8,,B3,39.063,0.741,35.80449328,2,39.89110323,5.77933921,10.24441446,4
,,B4,39.063,0.727,43.97771317,,,,,4
STD9,,C3,19.531,0.771,19.49024034,2,20.01019369,0.735325067,2.598442322,4
,,C4,19.531,0.769,20.53014703,,,,,4
BLK,,B1,,0.862,5.214156728,2,4.391326229,1.163658052,18.73763088,3
,,B2,,0.865,3.568495729,,,,,3
NSB,,A1,,0.07,>5249.023,0,?????,?????,?????,3
,,A2,,0.07,>5249.023,,,,,3
SPL1,b12 3-4 pre,D3,,0.505,300.442305,2,283.3637397,24.15273859,6.027082103,3
,,D4,,0.529,266.2851745,,,,,3
SPL2,b12 3-4,E3,,0.305,918.9041124,2,897.170289,30.73626793,2.42248587,3
,,E4,,0.312,875.4364655,,,,,3
SPL3,b12 3-1 pre,F3,,0.328,787.2623565,2,825.4337582,53.98251398,4.624405208,3
,,F4,,0.314,863.6051599,,,,,3
SPL4,b12 3-1,G3,,0.324,807.9888302,2,768.8227195,55.38924482,5.094296724,3
,,G4,,0.34,729.6566089,,,,,3
SPL5,b11 1-4 pre,H3,,0.292,1009.264217,2,948.3930745,86.08479539,6.418345327,3
,,H4,,0.31,887.5219319,,,,,3
SPL6,b11 1-4,A5,,0.225,1853.723362,2,1699.732691,217.7756958,9.059699334,3
,,A6,,0.242,1545.74202,,,,,3
SPL7,b11 2-3 pre,B5,,0.378,582.7547171,2,537.0913746,64.57771828,8.501969064,3
,,B6,,0.409,491.4280321,,,,,3
SPL8,b11 2-3 ,C5,,0.21,2232.784536,2,2404.035377,242.1852621,7.123474255,3
,,C6,,0.2,2575.286218,,,,,3
SPL9,b10 5-3 pre,D5,,0.404,504.82424,2,487.8713334,23.97503044,3.474872459,3
,,D6,,0.417,470.9184268,,,,,3
SPL10,b10 5-3,E5,,0.178,3835.80095,2,3970.512334,190.5106663,3.39279601,3
,,E6,,0.175,4105.223718,,,,,3
SPL11,b10 3-3 pre,F5,,0.32,829.5568017,2,840.788353,15.88381228,1.335835747,3
,,F6,,0.316,852.0199044,,,,,3
SPL12,b10 3-3,G5,,0.171,4527.80054,2,4786.655763,366.0765668,5.407851236,3
,,G6,,0.167,5045.510986,,,,,3
SPL13,b9 2-3 pre,H5,,0.337,743.4547695,2,691.2173032,73.8749333,7.557314618,3
,,H6,,0.362,638.9798369,,,,,3
SPL14,b9 2-3,A7,,0.339,734.2136308,2,710.2470831,33.89381676,3.37439579,3
,,A8,,0.35,686.2805354,,,,,3
SPL15,b9 2-2 pre,B7,,0.374,596.1489584,2,564.606477,44.60780505,5.586631172,3
,,B8,,0.394,533.0639955,,,,,3
SPL16,b9 2-2,C7,,0.289,1032.149935,2,1120.679376,125.1995356,7.899622545,3
,,C8,,0.269,1209.208816,,,,,3
SPL17,b8 4-1 pre,D7,,0.443,411.1548944,2,425.4822873,20.26199332,3.367330041,3
,,D8,,0.43,439.8096802,,,,,3
SPL18,b8 4-1,E7,,0.22,1966.148252,2,2042.354459,107.7718516,3.731291929,3
,,E8,,0.214,2118.560666,,,,,3
SPL19,b8 2-2 pre,F7,,0.249,1444.134399,2,1352.821216,129.136342,6.749833756,3
,,F8,,0.264,1261.508033,,,,,3
SPL20,b8 2-2,G7,,0.186,3261.275788,2,3202.037079,83.77618635,1.850031964,3
,,G8,,0.188,3142.798369,,,,,3
SPL21,b7 3-4 pre,H7,,0.352,678.0563775,2,725.1481224,66.59778434,6.494086307,3
,,H8,,0.331,772.2398673,,,,,3
SPL22,b7 3-4,A9,,0.232,1714.649881,2,1840.399067,177.8362034,6.832712949,3
,,A10,,0.22,1966.148252,,,,,3
SPL23,b7 4-1 pre,B9,,0.449,398.6755709,2,407.0456475,11.83707574,2.056299233,3
,,B10,,0.441,415.415724,,,,,3
SPL24,b7 4-1,C9,,0.235,1660.651458,2,1697.001761,51.40709232,2.142030987,3
,,C10,,0.231,1733.352065,,,,,3
SPL25,b2 2-1 pre,D9,,0.486,330.5173836,2,351.8086789,30.11043862,6.05195284,3
,,D10,,0.462,373.0999742,,,,,3
SPL26,b2 2-1,E9,,0.311,881.4469077,2,956.7984214,106.5631327,7.875380231,3
,,E10,,0.289,1032.149935,,,,,3
SPL27,b2 5-1 pre,F9,,0.215,2091.675318,2,2242.152587,212.806995,6.711285845,3
,,F10,,0.205,2392.629857,,,,,3
SPL28,b2 5-1,G9,,0.314,863.6051599,2,860.6937146,4.117405522,0.338267297,3
,,G10,,0.315,857.7822692,,,,,3
SPL29,b14 1-2 pre,H9,,0.355,665.9835094,2,711.8134732,64.81335633,6.438479391,3
,,H10,,0.334,757.643437,,,,,3
SPL30,b14 1-2,A11,,0.17,4647.135082,2,4329.269798,449.5293962,7.34223782,3
,,A12,,0.176,4011.404513,,,,,3
SPL31,b14 4-2 pre,B11,,0.348,694.6496034,2,719.0521864,34.51046393,3.393715161,3
,,B12,,0.337,743.4547695,,,,,3
SPL32,b14 4-2,C11,,0.243,1530.469929,2,1487.302164,61.04843893,2.90242065,3
,,C12,,0.249,1444.134399,,,,,3
SPL33,b5 3-4 pre,D11,,0.233,1696.305896,2,1570.220147,178.3121752,8.029813431,3
,,D12,,0.249,1444.134399,,,,,3
SPL34,b5 3-4,E11,,0.245,1500.708779,2,1636.29169,191.7431918,8.285986658,3
,,E12,,0.229,1771.874601,,,,,3
SPL35,b5 5-4 pre,F11,,0.224,1875.261222,2,1932.697751,81.22751867,2.97183195,3
,,F12,,0.219,1990.13428,,,,,3
SPL36,b5 5-4,G11,,0.272,1179.555496,2,1279.004689,140.6423981,7.775514372,3
,,G12,,0.254,1378.453882,,,,,3
STD1,,C1,5000,0.161,>5249.023,0,?????,?????,?????,3
,,C2,5000,0.156,>5249.023,,,,,3
STD2,,D1,2500,0.223,1910.152,2,2071.468268,228.1356538,7.787532658,3
,,D2,2500,0.21,2232.784536,,,,,3
STD3,,E1,1250,0.268,1219.372661,2,1176.064933,61.24637747,3.682426678,3
,,E2,1250,0.277,1132.757204,,,,,3
STD4,,F1,625,0.365,627.8794336,2,685.6671015,81.72410377,8.427948174,3
,,F2,625,0.337,743.4547695,,,,,3
STD5,,G1,312.5,0.502,305,2,319.4293362,20.40616296,4.517223239,3
,,G2,312.5,0.484,333.8586724,,,,,3
STD6,,H1,156.25,0.659,131.4871405,2,143.7651777,17.36376667,8.54034152,3
,,H2,156.25,0.63,156.0432149,,,,,3
STD7,,A3,78.125,0.725,83.43835208,2,88.83538459,7.632556579,6.075318455,3
,,A4,78.125,0.709,94.23241711,,,,,3
STD8,,B3,39.063,0.807,34.47935797,2,37.79188122,4.684615313,8.765171639,3
,,B4,39.063,0.795,41.10440448,,,,,3
STD9,,C3,19.531,0.833,20.54529549,2,19.49123831,1.490661948,5.407851236,3
,,C4,19.531,0.837,18.43718114,,,,,3
BLK,,B1,,0.807,25.53546724,2,24.68706476,1.199822298,3.436627609,1
,,B2,,0.812,23.83866227,,,,,1
NSB,,A1,,0.072,>5249.023,0,?????,?????,?????,1
,,A2,,0.369,>5249.023,,,,,1
SPL1,b1 1-1 pre,D3,,0.33,856.8794311,2,825.1573817,44.86175248,3.844363524,1
,,D4,,0.341,793.4353323,,,,,1
SPL2,b1 1-1,E3,,0.365,674.2285607,2,728.387576,76.59241398,7.435466652,1
,,E4,,0.343,782.5465913,,,,,1
SPL3,b1 2-1 pre,F3,,0.251,1587.873963,2,1823.902497,333.7947543,12.94085263,1
,,F4,,0.223,2059.931031,,,,,1
SPL4,b1 2-1,G3,,0.222,2080.403768,2,2241.049248,227.1870166,7.168315474,1
,,G4,,0.208,2401.694728,,,,,1
SPL5,b10 3-2 pre,H3,,0.277,1276.232177,2,1308.130306,45.11076773,2.438452011,1
,,H4,,0.271,1340.028436,,,,,1
SPL6,b10 3-2,A5,,0.178,3402.005118,2,3402.005118,0,0,1
,,A6,,0.178,3402.005118,,,,,1
SPL7,b10 1-2 pre,B5,,0.343,782.5465913,2,739.8393144,60.39721024,5.772507096,1
,,B6,,0.36,697.1320375,,,,,1
SPL8,b10 1-2,C5,,0.262,1444.305679,2,1381.294616,89.11110007,4.561739574,1
,,C6,,0.273,1318.283553,,,,,1
SPL9,b11 5-2 pre,D5,,0.399,540.3363736,2,560.1095079,27.96343459,3.530226491,1
,,D6,,0.388,579.8826421,,,,,1
SPL10,b11 5-2,E5,,0.293,1125.205696,2,1152.022868,37.92520873,2.327833328,1
,,E6,,0.287,1178.840041,,,,,1
SPL11,b11 5-3 pre,F5,,0.468,351.6996325,2,349.5604512,3.025259177,0.611963187,1
,,F6,,0.47,347.4212699,,,,,1
SPL12,b11 5-3,G5,,0.326,881.5490462,2,832.0478188,70.00530718,5.949324824,1
,,G6,,0.343,782.5465913,,,,,1
SPL13,b12 1-3 pre,H5,,0.316,947.3634235,2,940.5330838,9.659558984,0.726220032,1
,,H6,,0.318,933.7027441,,,,,1
SPL14,b12 1-3,A7,,0.236,1818.59739,2,1724.561787,132.9864265,5.452724552,1
,,A8,,0.248,1630.526183,,,,,1
SPL15,b12 4-3 pre,B7,,0.281,1236.002448,2,1147.339629,125.3881601,7.727687254,1
,,B8,,0.301,1058.676811,,,,,1
SPL16,b12 4-3,C7,,0.199,2648.994211,2,2475.879029,244.8218382,6.99206948,1
,,C8,,0.212,2302.763847,,,,,1
SPL17,b13 2-2 pre,D7,,0.201,2590.827681,2,2356.542809,331.3288424,9.941889038,1
,,D8,,0.22,2122.257938,,,,,1
SPL18,b13 2-2,E7,,0.245,1674.830511,2,1713.711224,54.98563157,2.268801908,1
,,E8,,0.24,1752.591937,,,,,1
SPL19,b13 1-2 pre,F7,,0.41,503.8811041,2,505.478601,2.259201732,0.316036497,1
,,F8,,0.409,507.0760978,,,,,1
SPL20,b13 1-2,G7,,0.339,804.5158397,2,839.9064192,50.04983745,4.213633644,1
,,G8,,0.327,875.2969986,,,,,1
SPL21,b14 5-4 pre,H7,,0.326,881.5490462,2,824.0561307,81.30726075,6.976820303,1
,,H8,,0.346,766.5632153,,,,,1
SPL22,b14 5-4,A9,,0.324,894.2267315,2,897.4402881,4.544655378,0.358080273,1
,,A10,,0.323,900.6538447,,,,,1
SPL23,b14 5-1 pre,B9,,0.359,701.8264971,2,739.4996079,53.27782429,5.09440579,1
,,B10,,0.344,777.1727187,,,,,1
SPL24,b14 5-1,C9,,0.257,1507.192373,2,1451.902764,78.19131476,3.80807932,1
,,C10,,0.266,1396.613155,,,,,1
SPL25,b2 2-2 pre,D9,,0.339,804.5158397,2,762.7569057,59.05605086,5.474736934,1
,,D10,,0.355,720.9979716,,,,,1
SPL26,b2 2-2,E9,,0.359,701.8264971,2,644.6294996,80.88876958,8.872848284,1
,,E10,,0.386,587.4325021,,,,,1
SPL27,b2 3-4 pre,F9,,0.423,464.3538986,2,509.3475515,63.63063415,8.833585783,1
,,F10,,0.395,554.3412044,,,,,1
SPL28,b2 3-4,G9,,0.406,516.8007774,2,567.8107763,72.13903223,8.983626415,1
,,G10,,0.378,618.8207751,,,,,1
SPL29,b3 1-3 pre,H9,,0.284,1206.960495,2,1179.280771,39.14504162,2.347169993,1
,,H10,,0.29,1151.601046,,,,,1
SPL30,b3 1-3,A11,,0.419,476.1313978,2,508.2338857,45.39977382,6.31647925,1
,,A12,,0.399,540.3363736,,,,,1
SPL31,b3 1-2 pre,B11,,0.473,341.1042149,2,330.0169516,15.67975812,3.359604177,1
,,B12,,0.484,318.9296883,,,,,1
SPL32,b3 1-2,C11,,0.384,595.0987761,2,560.9192951,48.3370856,6.093475711,1
,,C12,,0.403,526.7398141,,,,,1
SPL33,b4 2-4 pre,D11,,0.315,954.2916031,2,1057.438376,145.8715655,9.754400395,1
,,D12,,0.289,1160.585149,,,,,1
SPL34,b4 2-4,E11,,0.234,1852.95439,2,1741.740286,157.2804935,6.385228866,1
,,E12,,0.248,1630.526183,,,,,1
SPL35,b4 5-2 pre,F11,,0.218,2165.36614,2,2073.147631,130.416666,4.448236466,1
,,F12,,0.227,1980.929122,,,,,1
SPL36,b4 5-2,G11,,0.217,2187.40707,2,2347.265324,226.0737106,6.810404098,1
,,G12,,0.204,2507.123578,,,,,1
SPL37,,H11,,0.048,>5249.023,0,?????,?????,?????,1
,,H12,,0.057,>5249.023,,,,,1
STD1,,C1,5000,0.164,4114.663,1,4114.663,?????,?????,1
,,C2,5000,0.142,>5249.023,,,,,1
STD2,,D1,2500,0.206,2453.560059,2,2366.270392,123.4462302,3.688913436,1
,,D2,2500,0.213,2278.980726,,,,,1
STD3,,E1,1250,0.268,1373.588082,2,1446.909344,103.6919237,5.067439966,1
,,E2,1250,0.256,1520.230607,,,,,1
STD4,,F1,625,0.395,554.3412044,2,601.1415333,66.18565984,7.785242958,1
,,F2,625,0.371,647.9418622,,,,,1
STD5,,G1,312.5,0.499,291.0087384,2,317.102693,36.90242462,8.228865685,1
,,G2,312.5,0.472,343.1966477,,,,,1
STD6,,H1,156.25,0.625,130.8719992,2,144.2586218,18.93154318,9.279599647,1
,,H2,156.25,0.597,157.6452444,,,,,1
STD7,,A3,78.125,0.685,84.94719246,2,81.13268536,5.394527685,4.701566441,1
,,A4,78.125,0.697,77.31817825,,,,,1
STD8,,B3,39.063,0.759,44.51510246,2,47.05759457,3.595626825,5.402936834,1
,,B4,39.063,0.748,49.60008668,,,,,1
STD9,,C3,19.531,0.814,23.17402544,2,21.41735732,2.484303888,8.20207694,1
,,C4,19.531,0.825,19.66068919,,,,,1
BLK,,B1,,0.899,7.067973402,2,6.774256862,0.415377914,4.335775058,2
,,B2,,0.901,6.480540323,,,,,2
NSB,,A1,,0.074,#NUM!,0,,,,2
,,A2,,0.071,#NUM!,,,,,2
SPL1,b9 3-1 pre,D3,,0.303,1019.293874,2,1140.02856,170.7446308,10.59049663,2
,,D4,,0.279,1260.763246,,,,,2
SPL2,b9 3-1,E3,,0.201,3549.648026,2,3935.691301,545.9476354,9.808779338,2
,,E4,,0.192,4321.734576,,,,,2
SPL3,b9 4-1 pre,F3,,0.453,378.7474913,2,404.0838279,35.83099087,6.270069443,2
,,F4,,0.431,429.4201645,,,,,2
SPL4,b9 4-1,G3,,0.22,2540.597603,2,2367.679005,244.5438256,7.303295633,2
,,G4,,0.23,2194.760408,,,,,2
SPL5,b8 2-4 pre,H3,,0.324,862.5397183,2,916.4098487,76.18386906,5.87838842,2
,,H4,,0.309,970.2799791,,,,,2
SPL6,b8 2-4,A5,,0.257,1576.241483,2,1630.987974,77.42322928,3.356645869,2
,,A6,,0.251,1685.734464,,,,,2
SPL7,b8 3-4 pre,B5,,0.261,1509.712182,2,1391.244166,167.5390745,8.515256962,2
,,B6,,0.278,1272.776151,,,,,2
SPL8,b8 3-4,C5,,0.231,2164.715892,2,2135.723465,41.00148438,1.357499139,2
,,C6,,0.233,2106.731037,,,,,2
SPL9,b7 5-2 pre,D5,,0.29,1139.866264,2,1264.874518,176.7883692,9.88305582,2
,,D6,,0.269,1389.882773,,,,,2
SPL10,b7 5-2,E5,,0.25,1705.235572,2,1864.948567,225.868284,8.563935655,2
,,E6,,0.236,2024.661562,,,,,2
SPL11,b7 4-2 pre,F5,,0.495,300.3480534,2,309.636,13.136,2.999,2
,,F6,,0.484,318.9247945,,,,,2
SPL12,b7 4-2,G5,,0.209,3049.788843,2,3230.596223,255.7002479,5.596718587,2
,,G6,,0.203,3411.403602,,,,,2
SPL13,b6 2-1 pre,H5,,0.431,429.4201645,2,471.2878818,59.20989356,8.883682113,2
,,H6,,0.401,513.155599,,,,,2
SPL14,b6 2-1,A7,,0.312,947.1339019,2,873.8153718,103.6880597,8.390620317,2
,,A8,,0.334,800.4968417,,,,,2
SPL15,b6 1-4 pre,B7,,0.267,1418.324347,2,1294.624908,174.9374231,9.554847687,2
,,B8,,0.287,1170.92547,,,,,2
SPL16,b6 1-4,C7,,0.532,245.9384737,2,238.8701425,9.996129741,2.959068492,2
,,C8,,0.543,231.8018114,,,,,2
SPL17,b5 1-3 pre,D7,,0.478,329.5980321,2,365.207106,50.35883515,9.750378141,2
,,D8,,0.443,400.8161798,,,,,2
SPL18,b5 1-3,E7,,0.196,3944.052643,2,3677.728122,376.6397491,7.241549995,2
,,E8,,0.203,3411.403602,,,,,2
SPL19,b5 1-4 pre,F7,,0.315,924.8299062,2,1003.194305,110.8239953,7.811487587,2
,,F8,,0.296,1081.558703,,,,,2
SPL20,b5 1-4,G7,,0.313,939.60794,2,1005.954825,93.82866447,6.595413956,2
,,G8,,0.297,1072.30171,,,,,2
SPL21,b4 3-2 pre,H7,,0.256,1593.645011,2,1746.613035,216.3294544,8.757980224,2
,,H8,,0.241,1899.581059,,,,,2
SPL22,b4 3-2,A9,,0.301,1036.496209,2,1131.151887,133.8633444,8.368078562,2
,,A10,,0.282,1225.807566,,,,,2
SPL23,b4 4-1 pre,B9,,0.348,724.2186336,2,753.7012539,41.69472156,3.91171173,2
,,B10,,0.337,783.1838743,,,,,2
SPL24,b4 4-1,C9,,0.338,777.536364,2,713.4451047,90.63872806,8.983348379,2
,,C10,,0.364,649.3538455,,,,,2
SPL25,b3 2-3 pre,D9,,0.335,794.6631203,2,863.4184725,97.23475165,7.963155115,2
,,D10,,0.314,932.1738248,,,,,2
SPL26,b3 2-3,E9,,0.399,519.4686719,2,513.2063194,8.856303888,1.220240729,2
,,E10,,0.403,506.9439669,,,,,2
SPL27,b3 2-1 pre,F9,,0.26,1525.898161,2,1525.898161,0,0,2
,,F10,,0.26,1525.898161,,,,,2
SPL28,b3 2-1,G9,,0.378,592.550747,2,616.6668833,34.10536712,3.910723442,2
,,G10,,0.366,640.7830197,,,,,2
SPL29,b14 1-1 pre,H9,,0.379,588.7623221,2,630.1342822,58.50878701,6.565578357,2
,,H10,,0.359,671.5062422,,,,,2
SPL30,b14 1-1,A11,,0.375,604.1206927,2,647.0673661,60.73576799,6.637125539,2
,,A12,,0.355,690.0140395,,,,,2
SPL31,b14 2-2 pre,B11,,0.369,628.2235081,2,593.9222327,48.50932889,5.775381611,2
,,B12,,0.387,559.6209573,,,,,2
SPL32,b14 2-2,C11,,0.265,1447.742156,2,1495.059274,66.91650923,3.164,2
,,C12,,0.259,1542.376391,,,,,2
SPL33,b13 3-4 pre,D11,,0.528,251.2904887,2,277.4624698,37.01277059,9.432620237,2
,,D12,,0.493,303.6344509,,,,,2
SPL34,b13 3-4,E11,,0.188,4771.695178,2,4834.819288,89.2709726,1.305614674,2
,,E12,,0.187,4897.943398,,,,,2
SPL35,b13 1-4 pre,F11,,0.431,429.4201645,2,462.1178632,46.24152891,7.075618857,2
,,F12,,0.407,494.8155618,,,,,2
SPL36,b13 1-4,G11,,0.264,1462.832809,0,1574.283637,157.6152715,7.079462984,2
,,G12,,0.251,1685.734464,,,,,2
STD1,,C1,5000,0.164,>5249.023,1,4771.695178,?????,?????,2
,,C2,5000,0.188,4771.695178,,,,,2
STD2,,D1,2500,0.201,3549.648026,2,3416.130235,188.8226707,3.908451426,2
,,D2,2500,0.205,3282.612444,,,,,2
STD3,,E1,1250,0.275,1309.957282,2,1349.920027,56.51585685,2.960378749,2
,,E2,1250,0.269,1389.882773,,,,,2
STD4,,F1,625,0.393,539.0415477,2,560.163353,29.87074363,3.770651054,2
,,F2,625,0.381,581.2851584,,,,,2
STD5,,G1,312.5,0.485,317.1841236,2,312.0723334,7.229163121,1.638014562,2
,,G2,312.5,0.491,306.9605431,,,,,2
STD6,,H1,156.25,0.607,163.5311186,2,163.0766465,0.642720522,0.278686157,2
,,H2,156.25,0.608,162.6221745,,,,,2
STD7,,A3,78.125,0.71,87.80334806,2,83.77129728,5.702180899,4.813165024,2
,,A4,78.125,0.724,79.7392465,,,,,2
STD8,,B3,39.063,0.832,29.68316706,2,32.21205357,3.576385596,7.850745999,2
,,B4,39.063,0.819,34.74094008,,,,,2
STD9,,C3,19.531,0.836,28.1728001,2,25.9701261,3.115051438,8.48156835,2
,,C4,19.531,0.848,23.76745211,,,,,2
BLK,,B1,,0.823,<0.000,0,?????,?????,?????,6
,,B2,,0.78,<0.000,,,,,6
NSB,,A1,,0.053,>5249.023,0,?????,?????,?????,6
,,A2,,0.059,>5249.023,,,,,6
SPL1,B2 4-2 pre,D3,,0.255,1070.627,2,1086.214,22.044,2.029,6
,,D4,,0.252,1101.802,,,,,6
SPL2,B2 4-2,E3,,0.334,589.285,2,607.501,25.762,4.241,6
,,E4,,0.325,625.717,,,,,6
SPL3,B11 2-4 pre,F3,,0.3,747.04,2,780.136,46.805,6,6
,,F4,,0.289,813.233,,,,,6
SPL4,B11 2-4,G3,,0.241,1214.24,2,1290.004,107.146,8.306,6
,,G4,,0.229,1365.768,,,,,6
SPL5,B1 3-4 pre,H3,,0.335,584.532,2,631.714,66.726,10.563,6
,,H4,,0.314,678.896,,,,,6
SPL6,B9 5-3 pre,A5,,0.298,759.21,2,783.461,34.296,4.378,6
,,A6,,0.29,807.713,,,,,6
SPL7,B9 5-3,B5,,0.147,4488.001686,0,4659.994882,243.2351102,19.881,6
,,B6,,0.144,4831.988078,,,,,6
SPL8,B4 5-1 pre,C5,,0.152,4005.566957,2,3902.689,76.14,1.951,6
,,C6,,0.153,3920.336069,,,,,6
SPL9,B4 5-1,D5,,0.263,1002.335902,2,981.319,25.784,2.627,6
,,D6,,0.268,961.7677719,,,,,6
SPL10,B7 1-1 pre,E5,,0.273,923.5910698,2,976.123,77.756,7.966,6
,,E6,,0.259,1036.666069,,,,,6
SPL11,B7 1-1,F5,,0.269,953.9480041,2,941.163,19.927,2.117,6
,,F6,,0.272,931.045244,,,,,6
SPL12,B12 4-1 pre,G5,,0.429,322.9243222,2,335.416,19.615,5.848,6
,,G6,,0.416,349.9286557,,,,,6
SPL13,B12 4-1,H5,,0.148,4383.206239,1,4435.603963,74.10157167,8.641,6
,,H6,,0.147,4488.001686,,,,,6
SPL14,B9 2-4 pre,A7,,0.401,384.0578651,2,397.612,20.188,5.077,6
,,A8,,0.39,411.3838118,,,,,6
SPL15,B9 2-4,B7,,0.191,2096.238986,2,2069.197,36.163,1.748,6
,,B8,,0.193,2042.381751,,,,,6
SPL16,B3 1-4 pre,C7,,0.227,1391.04581,2,1481.782,136.999,9.246,6
,,C8,,0.214,1593.231091,,,,,6
SPL17,B3 1-4,D7,,0.238,1250.296535,2,1389.26,197.179,14.193,6
,,D8,,0.217,1542.497196,,,,,6
SPL18,B13 2-3 pre,E7,,0.409,365.4336558,2,358.439,9.573,2.671,6
,,E8,,0.415,352.1004762,,,,,6
SPL19,B13 2-3,F7,,0.225,1419.356629,2,1395.612,30.678,2.198,6
,,F8,,0.228,1377.229159,,,,,6
SPL20,B5 3-3 pre,G7,,0.229,1363.631236,2,1413.631,84.775,5.997,6
,,G8,,0.221,1478.847701,,,,,6
SPL21,B5 3-3,H7,,0.258,1045.525847,2,1195.026,213.121,17.834,6
,,H8,,0.23,1350.246914,,,,,6
SPL22,B11 2-2 pre,A9,,0.282,860.2620513,2,866.812,8.596,0.992,6
,,A10,,0.28,873.7768386,,,,,6
SPL23,B11 2-2,B9,,0.143,4957.700684,0,4894.844381,88.89223634,6.347,6
,,B10,,0.144,4831.988078,,,,,6
SPL24,B8 4- 4 pre,C9,,0.198,1917.571265,2,2009.311,124.748,6.208,6
,,C10,,0.191,2096.238986,,,,,6
SPL25,B8 4- 4,D9,,0.155,3759.45119,0,3615.392534,203.7297043,20.862,6
,,D10,,0.159,3471.333879,,,,,6
SPL26,B6 2-4 pre,E9,,0.411,359.372,2,375.457,22.749,6.059,6
,,E10,,0.398,391.543,,,,,6
SPL27,B6 2-4,F9,,0.266,975.822,2,1002.156,37.243,3.716,6
,,F10,,0.26,1028.491,,,,,6
SPL28,B10 5-2 pre,G9,,0.325,625.717,2,717.632,129.987,18.113,6
,,G10,,0.29,809.547,,,,,6
SPL29,B10 5-2,H9,,0.303,731.939,2,697.157,49.188,7.056,6
,,H10,,0.317,662.376,,,,,6
SPL30,B12 3-2 pre,A11,,0.396,394.732,2,407.226,17.67,4.339,6
,,A12,,0.387,419.721,,,,,6
SPL31,B12 3-2,B11,,0.198,1918.73,2,2024.884,150.123,7.414,6
,,B12,,0.189,2131.037,,,,,6
SPL32,B2 1-4 pre,C11,,0.224,1425.957,2,1662.952,335.162,20.155,6
,,C12,,0.198,1899.947,,,,,6
SPL33,B2 1-4,D11,,0.323,637.926,2,686.8,69.119,10.064,6
,,D12,,0.302,735.674,,,,,6
SPL34,B7 5-4 pre,E11,,0.226,1398.846,2,1438.509,56.092,3.899,6
,,E12,,0.221,1478.173,,,,,6
SPL35,B7 5-4,F11,,0.258,1039.007,2,1169.875,185.074,15.82,6
,,F12,,0.234,1300.742,,,,,6
SPL36,B8 1-1 pre,G11,,0.333,593.284,2,679.908,122.505,18.018,6
,,G12,,0.297,766.532,,,,,6
SPL37,B8 1-1,H11,,0.323,636.162,2,632.885,4.635,0.732,6
,,H12,,0.325,629.608,,,,,6
STD1,,C1,5000,0.138,>5249.023,1,4657.035,?????,?????,6
,,C2,5000,0.145,4657.035,,,,,6
STD2,,D1,2500,0.177,2543.711,2,2612.237,96.91,3.71,6
,,D2,2500,0.173,2680.763,,,,,6
STD3,,E1,1250,0.248,1138.44,2,1212.154,104.246,8.6,6
,,E2,1250,0.235,1285.867,,,,,6
STD4,,F1,625,0.326,624.428,2,615.167,13.097,2.129,6
,,F2,625,0.33,605.906,,,,,6
STD5,,G1,312.5,0.442,296.94,2,303.687,9.542,3.142,6
,,G2,312.5,0.435,310.434,,,,,6
STD6,,H1,156.25,0.523,177.935,2,180.88,4.165,2.302,6
,,H2,156.25,0.518,183.825,,,,,6
STD7,,A3,78.125,0.659,56.569,2,67.766,15.835,23.368,6
,,A4,78.125,0.628,78.963,,,,,6
STD8,,B3,39.063,0.712,25.052,2,32.92,11.126,33.798,6
,,B4,39.063,0.684,40.787,,,,,6
STD9,,C3,19.531,0.705,29.129,2,25.585,5.012,19.59,6
,,C4,19.531,0.718,22.041,,,,,6
BLK,,B1,,0.794,<0.000,0,?????,?????,?????,7
,,B2,,0.77,<0.000,,,,,7
NSB,,A1,,0.053,>5249.023,0,?????,?????,?????,7
,,A2,,0.057,>5249.023,,,,,7
SPL1,b14 4-4 pre,D3,,0.265,864.09,2,891.004,38.062,4.272,7
,,D4,,0.257,917.918,,,,,7
SPL2,b14 4-4,E3,,0.184,1962.145,2,2222.633,368.387,16.574,7
,,E4,,0.168,2483.122,,,,,7
SPL3,b3 4-4 pre,F3,,0.297,678.092,2,630.932,66.694,10.571,7
,,F4,,0.319,583.773,,,,,7
SPL4,b3 4-4,G3,,0.202,1558.413,2,1501.958,79.839,5.316,7
,,G4,,0.209,1445.504,,,,,7
SPL5,b1 5-3,H3,,0.212,1394.958,2,1424.197,41.351,2.903,7
,,H4,,0.208,1453.437,,,,,7
SPL6,b12 2-2 pre,A5,,0.289,719.758,2,681.523,54.072,7.934,7
,,A6,,0.305,643.288,,,,,7
SPL7,b12 2-2,B5,,0.204,1521.423,2,1461.173,85.207,5.831,7
,,B6,,0.212,1400.923,,,,,7
SPL8,b7 4-4 pre,C5,,0.227,1195.322,2,1229.538,48.389,3.936,7
,,C6,,0.222,1263.754,,,,,7
SPL9,b7 4-4,D5,,0.182,2003.544,2,2047.411,62.038,3.03,7
,,D6,,0.179,2091.278,,,,,7
SPL10,b5 2-1 pre,E5,,0.22,1280.279,2,1333.921,75.861,5.687,7
,,E6,,0.213,1387.563,,,,,7
SPL11,b5 2-1,F5,,0.321,575.218,2,578.321,4.388,0.759,7
,,F6,,0.32,581.423,,,,,7
SPL12,b2 5-2 pre,G5,,0.229,1173.864,2,1159.153,20.805,1.795,7
,,G6,,0.232,1144.442,,,,,7
SPL13,b2 5-2,H5,,0.212,1389.037,2,1454.368,92.393,6.353,7
,,H6,,0.204,1519.7,,,,,7
SPL14,b13 4-3 pre,A7,,0.232,1143.376,2,1171.072,39.169,3.345,7
,,A8,,0.227,1198.769,,,,,7
SPL15,b13 4-3,B7,,0.151,3500.032,2,3901.32,567.507,14.547,7
,,B8,,0.142,4302.608,,,,,7
SPL16,b9 4-2 pre,C7,,0.307,632.671,2,679.907,66.801,9.825,7
,,C8,,0.287,727.143,,,,,7
SPL17,b9 4-2,D7,,0.254,940.123,2,960.273,28.496,2.967,7
,,D8,,0.249,980.423,,,,,7
SPL18,b14 5-2 pre,E7,,0.271,824.401,2,899.51,106.221,11.809,7
,,E8,,0.25,974.62,,,,,7
SPL19,b14 5-2,F7,,0.267,846.546,2,1000.872,218.249,21.806,7
,,F8,,0.231,1155.197,,,,,7
SPL20,b3 2-4 pre,G7,,0.348,482.838,2,553.207,99.517,17.989,7
,,G8,,0.309,623.576,,,,,7
SPL21,b3 2-4,H7,,0.348,481.605,2,464.806,23.758,5.111,7
,,H8,,0.36,448.006,,,,,7
SPL22,b9 3-2 pre,A9,,0.202,1565.636,2,1483.28,116.47,7.852,7
,,A10,,0.212,1400.923,,,,,7
SPL23,b9 3-2,B9,,0.143,4169.224461,2,4012.174636,222.1019916,8.025,7
,,B10,,0.146,3855.124812,,,,,7
SPL24,b4 4-4 pre,C9,,0.349,478.3787102,2,607.237,179.408,29.545,7
,,C10,,0.286,731.9932508,,,,,7
SPL25,b4 4-4,D9,,0.272,812.8115626,2,784.665,42.767,5.45,7
,,D10,,0.282,753.84036,,,,,7
SPL26,b14 6-4 pre,E9,,0.257,915.108077,2,982.636,87.261,8.88,7
,,E10,,0.242,1038.762734,,,,,7
SPL27,b14 6-4,F9,,0.152,3347.632096,2,3554.042169,291.9079249,13.692,7
,,F10,,0.147,3760.452242,,,,,7
SPL28,b5 5-2 pre,G9,,0.299,669.978,2,717.008,66.51,9.276,7
,,G10,,0.281,764.037,,,,,7
SPL29,b5 5-2,H9,,0.195,1687.638,2,1785.733,138.727,7.769,7
,,H10,,0.187,1883.828,,,,,7
SPL30,b11 4-1 pre,A11,,0.317,590.1,2,645.677,78.597,12.173,7
,,A12,,0.292,701.254,,,,,7
SPL31,b11 4-1,B11,,0.226,1210.379,2,1119.178,128.978,11.524,7
,,B12,,0.244,1027.977,,,,,7
SPL32,b4 1-3 pre,C11,,0.346,489.687,2,497.043,10.402,2.093,7
,,C12,,0.341,504.398,,,,,7
SPL33,b4 1-3,D11,,0.24,1059.235,2,1226.354,236.343,19.272,7
,,D12,,0.212,1393.474,,,,,7
SPL34,b6 1-2 pre,E11,,0.256,925.483,2,940.705,21.527,2.288,7
,,E12,,0.252,955.927,,,,,7
SPL35,b6 1-2,F11,,0.24,1059.235,2,1087.721,40.285,3.704,7
,,F12,,0.235,1116.206,,,,,7
SPL36,b12 2-1 pre,G11,,0.204,1523.15,2,1620.096,137.102,8.463,7
,,G12,,0.194,1717.042,,,,,7
SPL37,b12 2-1,H11,,0.225,1229.347,2,1283.479,76.555,5.965,7
,,H12,,0.216,1337.612,,,,,7
STD1,,C1,5000,0.13,>5249.023,1,4995.491,?????,?????,7
,,C2,5000,0.138,4995.491,,,,,7
STD2,,D1,2500,0.168,2478.954,2,2521.918,60.76,2.409,7
,,D2,2500,0.166,2564.881,,,,,7
STD3,,E1,1250,0.217,1327.987,2,1213.995,161.208,13.279,7
,,E2,1250,0.236,1100.004,,,,,7
STD4,,F1,625,0.321,576.761,2,585.632,12.545,2.142,7
,,F2,625,0.316,594.503,,,,,7
STD5,,G1,312.5,0.393,364.243,2,336.96,38.585,11.451,7
,,G2,312.5,0.419,309.676,,,,,7
STD6,,H1,156.25,0.534,145.584,2,167.509,31.007,18.51,7
,,H2,156.25,0.497,189.434,,,,,7
STD7,,A3,78.125,0.641,48.602,2,67.138,26.213,39.044,7
,,A4,78.125,0.596,85.673,,,,,7
STD8,,B3,39.063,0.67,27.336,2,30.609,4.628,15.121,7
,,B4,39.063,0.661,33.882,,,,,7
STD9,,C3,19.531,0.664,31.544,2,29.693,2.618,8.815,7
,,C4,19.531,0.669,27.842,,,,,7
BLK,,B1,,0.775,<0.000,0,?????,?????,?????,8
,,B2,,0.774,<0.000,,,,,8
NSB,,A1,,0.054,>5249.023,0,?????,?????,?????,8
,,A2,,0.056,>5249.023,,,,,8
SPL1,b13 4-2 pre,D3,,0.381,466.766,2,462.868,5.512,1.191,8
,,D4,,0.384,458.97,,,,,8
SPL2,b13 4-2,E3,,0.232,1321.817,2,1293.161,40.525,3.134,8
,,E4,,0.236,1264.506,,,,,8
SPL3,b5 1- 1 pre,F3,,0.277,907.388,2,902.744,6.567,0.727,8
,,F4,,0.279,898.1,,,,,8
SPL4,b5 1- 1,G3,,0.331,629.332,2,559.92,98.162,17.531,8
,,G4,,0.373,490.509,,,,,8
SPL5,b14 1-4 pre,H3,,0.236,1271.435,2,1262.834,12.163,0.963,8
,,H4,,0.237,1254.233,,,,,8
SPL6,b14 1-4,A5,,0.155,3973.046,2,4280.575,434.911,10.16,8
,,A6,,0.15,4588.104,,,,,8
SPL7,b2 1-1 pre,B5,,0.469,281.194,2,311.929,43.466,13.935,8
,,B6,,0.435,342.664,,,,,8
SPL8,b2 1-1,C5,,0.19,2094.954,2,2145.746,71.83,3.348,8
,,C6,,0.187,2196.537,,,,,8
SPL9,b13 5-2 pre,D5,,0.391,439.991,2,437.593,3.391,0.775,8
,,D6,,0.393,435.195,,,,,8
SPL10,b13 5-2,E5,,0.317,687.896,2,638.995,69.156,10.823,8
,,E6,,0.342,590.095,,,,,8
SPL11,b8 3-3 pre,F5,,0.237,1256.504,2,1230.189,37.215,3.025,8
,,F6,,0.242,1203.874,,,,,8
SPL12,b8 3-3,G5,,0.152,4263.889,2,4240.995,32.376,0.763,8
,,G6,,0.153,4218.102,,,,,8
SPL13,b10 3-1 pre,H5,,0.316,693.26,2,662.282,43.809,6.615,8
,,H6,,0.331,631.304,,,,,8
SPL14,b10 3-1,A7,,0.205,1743.483,2,1745.518,2.878,0.165,8
,,A8,,0.205,1747.552,,,,,8
SPL15,b14 3-3 pre,B7,,0.27,960.522,2,949.751,15.233,1.604,8
,,B8,,0.273,938.98,,,,,8
SPL16,b14 3-3,C7,,0.27,958.333,2,989.746,44.424,4.488,8
,,C8,,0.262,1021.158,,,,,8
SPL17,b1 4-2,D7,,0.225,1406.93,2,1434.828,39.454,2.75,8
,,D8,,0.221,1462.726,,,,,8
SPL18,b1 2-3,E7,,0.257,1062.782,2,1060.639,3.03,0.286,8
,,E8,,0.257,1058.497,,,,,8
SPL19,b11 5-4 pre,F7,,0.199,1875.981,2,1986.898,156.86,7.895,8
,,F8,,0.19,2097.815,,,,,8
SPL20,b11 5-4,G7,,0.148,4902.401546,2,4692.784518,296.4432435,21.864,8
,,G8,,0.151,4483.16749,,,,,8
SPL21,b6 4-1 pre,H7,,0.267,980.585,2,1003.299,32.122,3.202,8
,,H8,,0.261,1026.013,,,,,8
SPL22,b6 4-1,A9,,0.238,1241.87,2,1230.351,16.289,1.324,8
,,A10,,0.24,1218.833,,,,,8
SPL23,b10 1-4 pre,B9,,0.393,434.945,2,457.896,32.458,7.088,8
,,B10,,0.376,480.847,,,,,8
SPL24,b10 1-4,C9,,0.193,2033.831,2,2243.696,296.794,13.228,8
,,C10,,0.179,2453.561,,,,,8
SPL25,b4 2-1 pre,D9,,0.387,450.279,2,492.505,59.716,12.125,8
,,D10,,0.358,534.73,,,,,8
SPL26,b4 2-1,E9,,0.224,1426.522,2,1659.451,329.411,19.851,8
,,E10,,0.198,1892.38,,,,,8
STD1,,C1,5000,0.139,>5249.023,1,4889.27,?????,?????,8
,,C2,5000,0.148,4889.27,,,,,8
STD2,,D1,2500,0.176,2613.678,2,2464.235,211.345,8.576,8
,,D2,2500,0.183,2314.792,,,,,8
STD3,,E1,1250,0.244,1182.009,2,1175.407,9.336,0.794,8
,,E2,1250,0.245,1168.805,,,,,8
STD4,,F1,625,0.338,605.541,2,628.106,31.912,5.081,8
,,F2,625,0.326,650.671,,,,,8
STD5,,G1,312.5,0.452,310.155,2,339.655,41.719,12.283,8
,,G2,312.5,0.422,369.155,,,,,8
STD6,,H1,156.25,0.579,135.592,2,137.222,2.304,1.679,8
,,H2,156.25,0.576,138.851,,,,,8
STD7,,A3,78.125,0.637,76.904,2,83.769,9.708,11.589,8
,,A4,78.125,0.623,90.633,,,,,8
STD8,,B3,39.063,0.646,69.4,2,40.196,41.3,102.747,8
,,B4,39.063,0.71,10.992,,,,,8
STD9,,C3,19.531,0.663,53.228,1,53.228,?????,?????,8
,,C4,19.531,0.74,<0.000,,,,,8
