"ID","Description","GeneRatio","BgRatio","pvalue","p.adjust","qvalue","geneID","Count","direction","comparison"
"GO:0006378","mRNA polyadenylation",0.0789473684210526,0.00163115152356493,3.29635146345354e-05,0.0131734101751509,0.0101689482053797,"Mtpap/Zc3h3/Zc3h14",3,"Up","SUB DIS - MEA"
"GO:0043631","RNA polyadenylation",0.0789473684210526,0.00166585687513015,3.51290938004025e-05,0.0131734101751509,0.0101689482053797,"Mtpap/Zc3h3/Zc3h14",3,"Up","SUB DIS - MEA"
"GO:0031124","mRNA 3'-end processing",0.0789473684210526,0.00218643714860832,7.95617621457582e-05,0.0198904405364396,0.0153540242737428,"Mtpap/Zc3h3/Zc3h14",3,"Up","SUB DIS - MEA"
"GO:0031123","RNA 3'-end processing",0.0789473684210526,0.00374817796904283,0.000392636791455947,0.0490795989319934,0.0378860061931177,"Mtpap/Zc3h3/Zc3h14",3,"Up","SUB DIS - MEA"
"GO:0045444","fat cell differentiation",0.0789473684210526,0.0091622128132158,0.00506263180070303,0.172383831461337,0.133068220777172,"Retn/Trpm4/Bbs12",3,"Up","SUB DIS - MEA"
"GO:0046883","regulation of hormone secretion",0.0789473684210526,0.0106545429305199,0.00767051347614766,0.172383831461337,0.133068220777172,"Retn/Ptpmt1/Trpm4",3,"Up","SUB DIS - MEA"
"GO:0050890","cognition",0.0789473684210526,0.0124592212119109,0.0117211782018125,0.172383831461337,0.133068220777172,"Mettl23/Foxo6/Trpm4",3,"Up","SUB DIS - MEA"
"GO:0046879","hormone secretion",0.0789473684210526,0.0129103907822586,0.012893356997084,0.172383831461337,0.133068220777172,"Retn/Ptpmt1/Trpm4",3,"Up","SUB DIS - MEA"
"GO:0009914","hormone transport",0.0789473684210526,0.0131880335947803,0.0136470370428031,0.172383831461337,0.133068220777172,"Retn/Ptpmt1/Trpm4",3,"Up","SUB DIS - MEA"
"GO:0044782","cilium organization",0.0789473684210526,0.013465676407302,0.0144255079913574,0.172383831461337,0.133068220777172,"Odad4/Bbs12/Ccdc63",3,"Up","SUB DIS - MEA"
"GO:0009306","protein secretion",0.0789473684210526,0.0138474352745193,0.0155365878161797,0.172383831461337,0.133068220777172,"Mon1a/Ptpmt1/Trpm4",3,"Up","SUB DIS - MEA"
"GO:0035592","establishment of protein localization to extracellular region",0.0789473684210526,0.0138821406260845,0.015639938765369,0.172383831461337,0.133068220777172,"Mon1a/Ptpmt1/Trpm4",3,"Up","SUB DIS - MEA"
"GO:0071692","protein localization to extracellular region",0.0789473684210526,0.0140903727354758,0.0162682699295757,0.172383831461337,0.133068220777172,"Mon1a/Ptpmt1/Trpm4",3,"Up","SUB DIS - MEA"
"GO:0007018","microtubule-based movement",0.0789473684210526,0.01478447976678,0.018464905880326,0.172383831461337,0.133068220777172,"Odad4/Bbs12/Ccdc63",3,"Up","SUB DIS - MEA"
"GO:0006397","mRNA processing",0.0789473684210526,0.0163809259387798,0.0241177708590877,0.172383831461337,0.133068220777172,"Mtpap/Zc3h3/Zc3h14",3,"Up","SUB DIS - MEA"
"GO:1900363","regulation of mRNA polyadenylation",0.0526315789473684,0.000624696328173804,0.000255680454712481,0.0479400852585902,0.0370063816031222,"Zc3h3/Zc3h14",2,"Up","SUB DIS - MEA"
"GO:0036158","outer dynein arm assembly",0.0526315789473684,0.00076351773443465,0.000384744498433759,0.0490795989319934,0.0378860061931177,"Odad4/Ccdc63",2,"Up","SUB DIS - MEA"
"GO:0031440","regulation of mRNA 3'-end processing",0.0526315789473684,0.000971749843825918,0.0006264473882267,0.0671193630242893,0.0518114381240128,"Zc3h3/Zc3h14",2,"Up","SUB DIS - MEA"
"GO:0070286","axonemal dynein complex assembly",0.0526315789473684,0.00128409800791282,0.00109551293135552,0.10270433731458,0.0792805410849388,"Odad4/Ccdc63",2,"Up","SUB DIS - MEA"
"GO:0046148","pigment biosynthetic process",0.0526315789473684,0.00180467828139099,0.00215415075505968,0.172383831461337,0.133068220777172,"Hmbs/Tyr",2,"Up","SUB DIS - MEA"
"GO:0042440","pigment metabolic process",0.0526315789473684,0.00232525855486916,0.00354745656986214,0.172383831461337,0.133068220777172,"Hmbs/Tyr",2,"Up","SUB DIS - MEA"
"GO:0061178","regulation of insulin secretion involved in cellular response to glucose stimulus",0.0526315789473684,0.00301936558617339,0.00590364954246431,0.172383831461337,0.133068220777172,"Ptpmt1/Trpm4",2,"Up","SUB DIS - MEA"
"GO:0035082","axoneme assembly",0.0526315789473684,0.00315818699243423,0.00644093724822134,0.172383831461337,0.133068220777172,"Odad4/Ccdc63",2,"Up","SUB DIS - MEA"
"GO:0035773","insulin secretion involved in cellular response to glucose stimulus",0.0526315789473684,0.0033664191018255,0.00728706197050375,0.172383831461337,0.133068220777172,"Ptpmt1/Trpm4",2,"Up","SUB DIS - MEA"
"GO:0046916","cellular transition metal ion homeostasis",0.0526315789473684,0.00385229402373846,0.00944494353694727,0.172383831461337,0.133068220777172,"Mon1a/Mt3",2,"Up","SUB DIS - MEA"
"GO:0001578","microtubule bundle formation",0.0526315789473684,0.00430346359408621,0.0116720961416102,0.172383831461337,0.133068220777172,"Odad4/Ccdc63",2,"Up","SUB DIS - MEA"
"GO:0032963","collagen metabolic process",0.0526315789473684,0.00430346359408621,0.0116720961416102,0.172383831461337,0.133068220777172,"Retn/Adam15",2,"Up","SUB DIS - MEA"
"GO:0007631","feeding behavior",0.0526315789473684,0.00451169570347748,0.0127704228906538,0.172383831461337,0.133068220777172,"Retn/Bbs12",2,"Up","SUB DIS - MEA"
"GO:0055076","transition metal ion homeostasis",0.0526315789473684,0.00478933851599917,0.0143023391643711,0.172383831461337,0.133068220777172,"Mon1a/Mt3",2,"Up","SUB DIS - MEA"
"GO:0045598","regulation of fat cell differentiation",0.0526315789473684,0.00517109738321649,0.016531772233371,0.172383831461337,0.133068220777172,"Trpm4/Bbs12",2,"Up","SUB DIS - MEA"
"GO:0050657","nucleic acid transport",0.0526315789473684,0.00517109738321649,0.016531772233371,0.172383831461337,0.133068220777172,"Snupn/Zc3h3",2,"Up","SUB DIS - MEA"
"GO:0050658","RNA transport",0.0526315789473684,0.00517109738321649,0.016531772233371,0.172383831461337,0.133068220777172,"Snupn/Zc3h3",2,"Up","SUB DIS - MEA"
"GO:0050684","regulation of mRNA processing",0.0526315789473684,0.0052058027347817,0.0167413824717612,0.172383831461337,0.133068220777172,"Zc3h3/Zc3h14",2,"Up","SUB DIS - MEA"
"GO:0071333","cellular response to glucose stimulus",0.0526315789473684,0.0052058027347817,0.0167413824717612,0.172383831461337,0.133068220777172,"Ptpmt1/Trpm4",2,"Up","SUB DIS - MEA"
"GO:0051236","establishment of RNA localization",0.0526315789473684,0.00527521343791213,0.0171640250127396,0.172383831461337,0.133068220777172,"Snupn/Zc3h3",2,"Up","SUB DIS - MEA"
"GO:0071331","cellular response to hexose stimulus",0.0526315789473684,0.00527521343791213,0.0171640250127396,0.172383831461337,0.133068220777172,"Ptpmt1/Trpm4",2,"Up","SUB DIS - MEA"
"GO:0071326","cellular response to monosaccharide stimulus",0.0526315789473684,0.00530991878947734,0.0173770509056835,0.172383831461337,0.133068220777172,"Ptpmt1/Trpm4",2,"Up","SUB DIS - MEA"
"GO:0007613","memory",0.0526315789473684,0.00558756160199903,0.0191217483528779,0.172383831461337,0.133068220777172,"Foxo6/Trpm4",2,"Up","SUB DIS - MEA"
"GO:0071322","cellular response to carbohydrate stimulus",0.0526315789473684,0.00558756160199903,0.0191217483528779,0.172383831461337,0.133068220777172,"Ptpmt1/Trpm4",2,"Up","SUB DIS - MEA"
"GO:0046474","glycerophospholipid biosynthetic process",0.0526315789473684,0.00583049906295551,0.0207065223157914,0.172383831461337,0.133068220777172,"Ptpmt1/Pcyt1a",2,"Up","SUB DIS - MEA"
"GO:0046887","positive regulation of hormone secretion",0.0526315789473684,0.00583049906295551,0.0207065223157914,0.172383831461337,0.133068220777172,"Retn/Trpm4",2,"Up","SUB DIS - MEA"
"GO:0001678","cellular glucose homeostasis",0.0526315789473684,0.00589990976608593,0.021169126035287,0.172383831461337,0.133068220777172,"Ptpmt1/Trpm4",2,"Up","SUB DIS - MEA"
"GO:0006403","RNA localization",0.0526315789473684,0.00600402582078156,0.0218711144953146,0.172383831461337,0.133068220777172,"Snupn/Zc3h3",2,"Up","SUB DIS - MEA"
"GO:0051260","protein homooligomerization",0.0526315789473684,0.00631637398486847,0.0240345025004003,0.172383831461337,0.133068220777172,"Kctd16/Trpm4",2,"Up","SUB DIS - MEA"
"GO:0006707","cholesterol catabolic process",0.0263157894736842,0.000347053515652114,0.0131120780602898,0.172383831461337,0.133068220777172,"Mt3",1,"Up","SUB DIS - MEA"
"GO:0016127","sterol catabolic process",0.0263157894736842,0.000347053515652114,0.0131120780602898,0.172383831461337,0.133068220777172,"Mt3",1,"Up","SUB DIS - MEA"
"GO:0032927","positive regulation of activin receptor signaling pathway",0.0263157894736842,0.000347053515652114,0.0131120780602898,0.172383831461337,0.133068220777172,"Zc3h3",1,"Up","SUB DIS - MEA"
"GO:0061687","detoxification of inorganic compound",0.0263157894736842,0.000347053515652114,0.0131120780602898,0.172383831461337,0.133068220777172,"Mt3",1,"Up","SUB DIS - MEA"
"GO:0071318","cellular response to ATP",0.0263157894736842,0.000347053515652114,0.0131120780602898,0.172383831461337,0.133068220777172,"Trpm4",1,"Up","SUB DIS - MEA"
"GO:0097501","stress response to metal ion",0.0263157894736842,0.000347053515652114,0.0131120780602898,0.172383831461337,0.133068220777172,"Mt3",1,"Up","SUB DIS - MEA"
"GO:1904179","positive regulation of adipose tissue development",0.0263157894736842,0.000347053515652114,0.0131120780602898,0.172383831461337,0.133068220777172,"Trpm4",1,"Up","SUB DIS - MEA"
"GO:0060287","epithelial cilium movement involved in determination of left/right asymmetry",0.0263157894736842,0.000381758867217325,0.0144140410179943,0.172383831461337,0.133068220777172,"Odad4",1,"Up","SUB DIS - MEA"
"GO:0071044","histone mRNA catabolic process",0.0263157894736842,0.000381758867217325,0.0144140410179943,0.172383831461337,0.133068220777172,"Mtpap",1,"Up","SUB DIS - MEA"
"GO:0086016","AV node cell action potential",0.0263157894736842,0.000381758867217325,0.0144140410179943,0.172383831461337,0.133068220777172,"Trpm4",1,"Up","SUB DIS - MEA"
"GO:0086027","AV node cell to bundle of His cell signaling",0.0263157894736842,0.000381758867217325,0.0144140410179943,0.172383831461337,0.133068220777172,"Trpm4",1,"Up","SUB DIS - MEA"
"GO:0120197","mucociliary clearance",0.0263157894736842,0.000381758867217325,0.0144140410179943,0.172383831461337,0.133068220777172,"Odad4",1,"Up","SUB DIS - MEA"
"GO:1901978","positive regulation of cell cycle checkpoint",0.0263157894736842,0.000381758867217325,0.0144140410179943,0.172383831461337,0.133068220777172,"Mad2l1",1,"Up","SUB DIS - MEA"
"GO:1904667","negative regulation of ubiquitin protein ligase activity",0.0263157894736842,0.000381758867217325,0.0144140410179943,0.172383831461337,0.133068220777172,"Mad2l1",1,"Up","SUB DIS - MEA"
"GO:0015074","DNA integration",0.0263157894736842,0.000416464218782536,0.0157143314891712,0.172383831461337,0.133068220777172,"Zfp729b",1,"Up","SUB DIS - MEA"
"GO:0033210","leptin-mediated signaling pathway",0.0263157894736842,0.000416464218782536,0.0157143314891712,0.172383831461337,0.133068220777172,"Mt3",1,"Up","SUB DIS - MEA"
"GO:0043619","regulation of transcription from RNA polymerase II promoter in response to oxidative stress",0.0263157894736842,0.000416464218782536,0.0157143314891712,0.172383831461337,0.133068220777172,"Mt3",1,"Up","SUB DIS - MEA"
"GO:0071732","cellular response to nitric oxide",0.0263157894736842,0.000416464218782536,0.0157143314891712,0.172383831461337,0.133068220777172,"Mt3",1,"Up","SUB DIS - MEA"
"GO:0098911","regulation of ventricular cardiac muscle cell action potential",0.0263157894736842,0.000416464218782536,0.0157143314891712,0.172383831461337,0.133068220777172,"Trpm4",1,"Up","SUB DIS - MEA"
"GO:1903779","regulation of cardiac conduction",0.0263157894736842,0.000416464218782536,0.0157143314891712,0.172383831461337,0.133068220777172,"Trpm4",1,"Up","SUB DIS - MEA"
"GO:1905941","positive regulation of gonad development",0.0263157894736842,0.000416464218782536,0.0157143314891712,0.172383831461337,0.133068220777172,"Retn",1,"Up","SUB DIS - MEA"
"GO:0030949","positive regulation of vascular endothelial growth factor receptor signaling pathway",0.0263157894736842,0.000451169570347748,0.0170129515642846,0.172383831461337,0.133068220777172,"Mt3",1,"Up","SUB DIS - MEA"
"GO:0086067","AV node cell to bundle of His cell communication",0.0263157894736842,0.000451169570347748,0.0170129515642846,0.172383831461337,0.133068220777172,"Trpm4",1,"Up","SUB DIS - MEA"
"GO:1900121","negative regulation of receptor binding",0.0263157894736842,0.000451169570347748,0.0170129515642846,0.172383831461337,0.133068220777172,"Adam15",1,"Up","SUB DIS - MEA"
"GO:1904181","positive regulation of membrane depolarization",0.0263157894736842,0.000451169570347748,0.0170129515642846,0.172383831461337,0.133068220777172,"Trpm4",1,"Up","SUB DIS - MEA"
"GO:0001553","luteinization",0.0263157894736842,0.000485874921912959,0.0183099033312565,0.172383831461337,0.133068220777172,"Retn",1,"Up","SUB DIS - MEA"
"GO:0010940","positive regulation of necrotic cell death",0.0263157894736842,0.000485874921912959,0.0183099033312565,0.172383831461337,0.133068220777172,"Mt3",1,"Up","SUB DIS - MEA"
"GO:0060049","regulation of protein glycosylation",0.0263157894736842,0.000485874921912959,0.0183099033312565,0.172383831461337,0.133068220777172,"Mt3",1,"Up","SUB DIS - MEA"
"GO:0071294","cellular response to zinc ion",0.0263157894736842,0.000485874921912959,0.0183099033312565,0.172383831461337,0.133068220777172,"Mt3",1,"Up","SUB DIS - MEA"
"GO:0086069","bundle of His cell to Purkinje myocyte communication",0.0263157894736842,0.000485874921912959,0.0183099033312565,0.172383831461337,0.133068220777172,"Trpm4",1,"Up","SUB DIS - MEA"
"GO:1902170","cellular response to reactive nitrogen species",0.0263157894736842,0.000485874921912959,0.0183099033312565,0.172383831461337,0.133068220777172,"Mt3",1,"Up","SUB DIS - MEA"
"GO:1902514","regulation of calcium ion transmembrane transport via high voltage-gated calcium channel",0.0263157894736842,0.000485874921912959,0.0183099033312565,0.172383831461337,0.133068220777172,"Cacnb1",1,"Up","SUB DIS - MEA"
"GO:2000833","positive regulation of steroid hormone secretion",0.0263157894736842,0.000485874921912959,0.0183099033312565,0.172383831461337,0.133068220777172,"Retn",1,"Up","SUB DIS - MEA"
"GO:0045760","positive regulation of action potential",0.0263157894736842,0.00052058027347817,0.019605188875472,0.172383831461337,0.133068220777172,"Trpm4",1,"Up","SUB DIS - MEA"
"GO:0061577","calcium ion transmembrane transport via high voltage-gated calcium channel",0.0263157894736842,0.00052058027347817,0.019605188875472,0.172383831461337,0.133068220777172,"Cacnb1",1,"Up","SUB DIS - MEA"
"GO:0086014","atrial cardiac muscle cell action potential",0.0263157894736842,0.00052058027347817,0.019605188875472,0.172383831461337,0.133068220777172,"Trpm4",1,"Up","SUB DIS - MEA"
"GO:0086026","atrial cardiac muscle cell to AV node cell signaling",0.0263157894736842,0.00052058027347817,0.019605188875472,0.172383831461337,0.133068220777172,"Trpm4",1,"Up","SUB DIS - MEA"
"GO:0086066","atrial cardiac muscle cell to AV node cell communication",0.0263157894736842,0.00052058027347817,0.019605188875472,0.172383831461337,0.133068220777172,"Trpm4",1,"Up","SUB DIS - MEA"
"GO:1904177","regulation of adipose tissue development",0.0263157894736842,0.00052058027347817,0.019605188875472,0.172383831461337,0.133068220777172,"Trpm4",1,"Up","SUB DIS - MEA"
"GO:2000252","negative regulation of feeding behavior",0.0263157894736842,0.000555285625043382,0.0208988102797824,0.172383831461337,0.133068220777172,"Retn",1,"Up","SUB DIS - MEA"
"GO:0019430","removal of superoxide radicals",0.0263157894736842,0.000589990976608593,0.0221907696245068,0.172383831461337,0.133068220777172,"Mt3",1,"Up","SUB DIS - MEA"
"GO:0032048","cardiolipin metabolic process",0.0263157894736842,0.000589990976608593,0.0221907696245068,0.172383831461337,0.133068220777172,"Ptpmt1",1,"Up","SUB DIS - MEA"
"GO:0033127","regulation of histone phosphorylation",0.0263157894736842,0.000589990976608593,0.0221907696245068,0.172383831461337,0.133068220777172,"Ppp4c",1,"Up","SUB DIS - MEA"
"GO:0034497","protein localization to phagophore assembly site",0.0263157894736842,0.000589990976608593,0.0221907696245068,0.172383831461337,0.133068220777172,"Lrba",1,"Up","SUB DIS - MEA"
"GO:0044320","cellular response to leptin stimulus",0.0263157894736842,0.000589990976608593,0.0221907696245068,0.172383831461337,0.133068220777172,"Mt3",1,"Up","SUB DIS - MEA"
"GO:0051386","regulation of neurotrophin TRK receptor signaling pathway",0.0263157894736842,0.000589990976608593,0.0221907696245068,0.172383831461337,0.133068220777172,"Dok5",1,"Up","SUB DIS - MEA"
"GO:0061179","negative regulation of insulin secretion involved in cellular response to glucose stimulus",0.0263157894736842,0.000589990976608593,0.0221907696245068,0.172383831461337,0.133068220777172,"Ptpmt1",1,"Up","SUB DIS - MEA"
"GO:0071731","response to nitric oxide",0.0263157894736842,0.000589990976608593,0.0221907696245068,0.172383831461337,0.133068220777172,"Mt3",1,"Up","SUB DIS - MEA"
"GO:0086012","membrane depolarization during cardiac muscle cell action potential",0.0263157894736842,0.000589990976608593,0.0221907696245068,0.172383831461337,0.133068220777172,"Trpm4",1,"Up","SUB DIS - MEA"
"GO:0090266","regulation of mitotic cell cycle spindle assembly checkpoint",0.0263157894736842,0.000589990976608593,0.0221907696245068,0.172383831461337,0.133068220777172,"Mad2l1",1,"Up","SUB DIS - MEA"
"GO:1903504","regulation of mitotic spindle checkpoint",0.0263157894736842,0.000589990976608593,0.0221907696245068,0.172383831461337,0.133068220777172,"Mad2l1",1,"Up","SUB DIS - MEA"
"GO:0071280","cellular response to copper ion",0.0263157894736842,0.000624696328173804,0.0234810689874358,0.172383831461337,0.133068220777172,"Mt3",1,"Up","SUB DIS - MEA"
"GO:1905939","regulation of gonad development",0.0263157894736842,0.000624696328173804,0.0234810689874358,0.172383831461337,0.133068220777172,"Retn",1,"Up","SUB DIS - MEA"
"GO:0051131","chaperone-mediated protein complex assembly",0.0263157894736842,0.000659401679739016,0.0247697104438354,0.172383831461337,0.133068220777172,"Bbs12",1,"Up","SUB DIS - MEA"
"GO:0071450","cellular response to oxygen radical",0.0263157894736842,0.000659401679739016,0.0247697104438354,0.172383831461337,0.133068220777172,"Mt3",1,"Up","SUB DIS - MEA"
"GO:0071451","cellular response to superoxide",0.0263157894736842,0.000659401679739016,0.0247697104438354,0.172383831461337,0.133068220777172,"Mt3",1,"Up","SUB DIS - MEA"
"GO:0044790","suppression of viral release by host",0.0714285714285714,0.000728812382869438,0.000189053882492742,0.0821825582049873,0.0615402126053606,"Trim26/Trim30a",2,"Down","SUB DIS - MEA"
"GO:0046597","negative regulation of viral entry into host cell",0.0714285714285714,0.00107586589852155,0.000416110608236537,0.0821825582049873,0.0615402126053606,"Trim26/Trim30a",2,"Down","SUB DIS - MEA"
"GO:1903901","negative regulation of viral life cycle",0.0714285714285714,0.00117998195321719,0.000501113159786508,0.0821825582049873,0.0615402126053606,"Trim26/Trim30a",2,"Down","SUB DIS - MEA"
"GO:0046596","regulation of viral entry into host cell",0.0714285714285714,0.00180467828139099,0.00117171395963402,0.108989519227346,0.0816138890234726,"Trim26/Trim30a",2,"Down","SUB DIS - MEA"
"GO:0052372","modulation by symbiont of entry into host",0.0714285714285714,0.00197820503921705,0.00140607209317111,0.108989519227346,0.0816138890234726,"Trim26/Trim30a",2,"Down","SUB DIS - MEA"
"GO:0030199","collagen fibril organization",0.0714285714285714,0.00204761574234747,0.00150557866415852,0.108989519227346,0.0816138890234726,"P3h4/Foxc2",2,"Down","SUB DIS - MEA"
"GO:0006487","protein N-linked glycosylation",0.0714285714285714,0.00218643714860832,0.00171440460137686,0.108989519227346,0.0816138890234726,"Stt3a/Rft1",2,"Down","SUB DIS - MEA"
"GO:0043903","regulation of biological process involved in symbiotic interaction",0.0714285714285714,0.00232525855486916,0.00193623323923666,0.108989519227346,0.0816138890234726,"Trim26/Trim30a",2,"Down","SUB DIS - MEA"
"GO:0019098","reproductive behavior",0.0714285714285714,0.00235996390643437,0.0019937107175734,0.108989519227346,0.0816138890234726,"Zfx/Ddo",2,"Down","SUB DIS - MEA"
"GO:0048525","negative regulation of viral process",0.0714285714285714,0.00353994585965156,0.00441723658538228,0.144990438924776,0.108572215711749,"Trim26/Trim30a",2,"Down","SUB DIS - MEA"
"GO:0046718","viral entry into host cell",0.0714285714285714,0.00364406191434719,0.00467381661017992,0.144990438924776,0.108572215711749,"Trim26/Trim30a",2,"Down","SUB DIS - MEA"
"GO:0044409","entry into host",0.0714285714285714,0.00378288332060804,0.00502642671605117,0.144990438924776,0.108572215711749,"Trim26/Trim30a",2,"Down","SUB DIS - MEA"
"GO:0052126","movement in host environment",0.0714285714285714,0.00451169570347748,0.00707108490830402,0.144990438924776,0.108572215711749,"Trim26/Trim30a",2,"Down","SUB DIS - MEA"
"GO:1903900","regulation of viral life cycle",0.0714285714285714,0.00510168668008607,0.008957991884724,0.144990438924776,0.108572215711749,"Trim26/Trim30a",2,"Down","SUB DIS - MEA"
"GO:0051701","biological process involved in interaction with host",0.0714285714285714,0.00524050808634691,0.0094312880256033,0.144990438924776,0.108572215711749,"Trim26/Trim30a",2,"Down","SUB DIS - MEA"
"GO:0050792","regulation of viral process",0.0714285714285714,0.00593461511765114,0.011960868729955,0.144990438924776,0.108572215711749,"Trim26/Trim30a",2,"Down","SUB DIS - MEA"
"GO:0006486","protein glycosylation",0.0714285714285714,0.00659401679739016,0.0146087241202544,0.144990438924776,0.108572215711749,"Stt3a/Rft1",2,"Down","SUB DIS - MEA"
"GO:0043413","macromolecule glycosylation",0.0714285714285714,0.00659401679739016,0.0146087241202544,0.144990438924776,0.108572215711749,"Stt3a/Rft1",2,"Down","SUB DIS - MEA"
"GO:0048771","tissue remodeling",0.0714285714285714,0.00704518636773791,0.0165531354235772,0.144990438924776,0.108572215711749,"P3h4/Foxc2",2,"Down","SUB DIS - MEA"
"GO:0070085","glycosylation",0.0714285714285714,0.00746165058652044,0.0184408912503077,0.144990438924776,0.108572215711749,"Stt3a/Rft1",2,"Down","SUB DIS - MEA"
"GO:0002064","epithelial cell development",0.0714285714285714,0.00815575761782467,0.0217793963381171,0.144990438924776,0.108572215711749,"Crygb/Foxc2",2,"Down","SUB DIS - MEA"
"GO:0006814","sodium ion transport",0.0714285714285714,0.00860692718817242,0.0240743639392099,0.144990438924776,0.108572215711749,"Prss30/Slc6a13",2,"Down","SUB DIS - MEA"
"GO:0043547","positive regulation of GTPase activity",0.0714285714285714,0.00888457000069411,0.0255342035990921,0.144990438924776,0.108572215711749,"Plxnb1/Grtp1",2,"Down","SUB DIS - MEA"
"GO:0033002","muscle cell proliferation",0.0714285714285714,0.00898868605538974,0.0260908282490813,0.144990438924776,0.108572215711749,"Ogn/Foxc2",2,"Down","SUB DIS - MEA"
"GO:0019058","viral life cycle",0.0714285714285714,0.00905809675852016,0.0264646692731182,0.144990438924776,0.108572215711749,"Trim26/Trim30a",2,"Down","SUB DIS - MEA"
"GO:0010466","negative regulation of peptidase activity",0.0714285714285714,0.00909280211008538,0.0266524136703172,0.144990438924776,0.108572215711749,"Itih2/Serpina1c",2,"Down","SUB DIS - MEA"
"GO:0009101","glycoprotein biosynthetic process",0.0714285714285714,0.00943985562573749,0.0285597908637913,0.144990438924776,0.108572215711749,"Stt3a/Rft1",2,"Down","SUB DIS - MEA"
"GO:0044403","biological process involved in symbiotic interaction",0.0714285714285714,0.00943985562573749,0.0285597908637913,0.144990438924776,0.108572215711749,"Trim26/Trim30a",2,"Down","SUB DIS - MEA"
"GO:0051091","positive regulation of DNA-binding transcription factor activity",0.0714285714285714,0.00943985562573749,0.0285597908637913,0.144990438924776,0.108572215711749,"Trim26/Trim30a",2,"Down","SUB DIS - MEA"
"GO:0006488","dolichol-linked oligosaccharide biosynthetic process",0.0357142857142857,0.000347053515652114,0.00967661969651534,0.144990438924776,0.108572215711749,"Rft1",1,"Down","SUB DIS - MEA"
"GO:0048703","embryonic viscerocranium morphogenesis",0.0357142857142857,0.000347053515652114,0.00967661969651534,0.144990438924776,0.108572215711749,"Foxc2",1,"Down","SUB DIS - MEA"
"GO:0061043","regulation of vascular wound healing",0.0357142857142857,0.000347053515652114,0.00967661969651534,0.144990438924776,0.108572215711749,"Foxc2",1,"Down","SUB DIS - MEA"
"GO:0002176","male germ cell proliferation",0.0357142857142857,0.000381758867217325,0.0106393003883811,0.144990438924776,0.108572215711749,"Ptgds",1,"Down","SUB DIS - MEA"
"GO:0033689","negative regulation of osteoblast proliferation",0.0357142857142857,0.000381758867217325,0.0106393003883811,0.144990438924776,0.108572215711749,"Plxnb1",1,"Down","SUB DIS - MEA"
"GO:0006490","oligosaccharide-lipid intermediate biosynthetic process",0.0357142857142857,0.000416464218782536,0.0116010786611004,0.144990438924776,0.108572215711749,"Rft1",1,"Down","SUB DIS - MEA"
"GO:0007320","insemination",0.0357142857142857,0.000416464218782536,0.0116010786611004,0.144990438924776,0.108572215711749,"Ddo",1,"Down","SUB DIS - MEA"
"GO:0009068","aspartate family amino acid catabolic process",0.0357142857142857,0.000416464218782536,0.0116010786611004,0.144990438924776,0.108572215711749,"Ddo",1,"Down","SUB DIS - MEA"
"GO:0036093","germ cell proliferation",0.0357142857142857,0.000416464218782536,0.0116010786611004,0.144990438924776,0.108572215711749,"Ptgds",1,"Down","SUB DIS - MEA"
"GO:0046598","positive regulation of viral entry into host cell",0.0357142857142857,0.000416464218782536,0.0116010786611004,0.144990438924776,0.108572215711749,"Trim30a",1,"Down","SUB DIS - MEA"
"GO:0075294","positive regulation by symbiont of entry into host",0.0357142857142857,0.000416464218782536,0.0116010786611004,0.144990438924776,0.108572215711749,"Trim30a",1,"Down","SUB DIS - MEA"
"GO:0010288","response to lead ion",0.0357142857142857,0.000451169570347748,0.0125619553292997,0.144990438924776,0.108572215711749,"Serpina1c",1,"Down","SUB DIS - MEA"
"GO:0033625","positive regulation of integrin activation",0.0357142857142857,0.000451169570347748,0.0125619553292997,0.144990438924776,0.108572215711749,"Foxc2",1,"Down","SUB DIS - MEA"
"GO:0043649","dicarboxylic acid catabolic process",0.0357142857142857,0.000451169570347748,0.0125619553292997,0.144990438924776,0.108572215711749,"Ddo",1,"Down","SUB DIS - MEA"
"GO:0048340","paraxial mesoderm morphogenesis",0.0357142857142857,0.000451169570347748,0.0125619553292997,0.144990438924776,0.108572215711749,"Foxc2",1,"Down","SUB DIS - MEA"
"GO:0010940","positive regulation of necrotic cell death",0.0357142857142857,0.000485874921912959,0.0135219312069004,0.144990438924776,0.108572215711749,"Slc6a13",1,"Down","SUB DIS - MEA"
"GO:0016446","somatic hypermutation of immunoglobulin genes",0.0357142857142857,0.000485874921912959,0.0135219312069004,0.144990438924776,0.108572215711749,"Ung",1,"Down","SUB DIS - MEA"
"GO:0002566","somatic diversification of immune receptors via somatic mutation",0.0357142857142857,0.00052058027347817,0.0144810071071159,0.144990438924776,0.108572215711749,"Ung",1,"Down","SUB DIS - MEA"
"GO:0070307","lens fiber cell development",0.0357142857142857,0.00052058027347817,0.0144810071071159,0.144990438924776,0.108572215711749,"Crygb",1,"Down","SUB DIS - MEA"
"GO:0061042","vascular wound healing",0.0357142857142857,0.000555285625043382,0.0154391838424541,0.144990438924776,0.108572215711749,"Foxc2",1,"Down","SUB DIS - MEA"
"GO:0072109","glomerular mesangium development",0.0357142857142857,0.000555285625043382,0.0154391838424541,0.144990438924776,0.108572215711749,"Foxc2",1,"Down","SUB DIS - MEA"
"GO:1902287","semaphorin-plexin signaling pathway involved in axon guidance",0.0357142857142857,0.000555285625043382,0.0154391838424541,0.144990438924776,0.108572215711749,"Plxnb1",1,"Down","SUB DIS - MEA"
"GO:1902337","regulation of apoptotic process involved in morphogenesis",0.0357142857142857,0.000555285625043382,0.0154391838424541,0.144990438924776,0.108572215711749,"Foxc2",1,"Down","SUB DIS - MEA"
"GO:1904862","inhibitory synapse assembly",0.0357142857142857,0.000555285625043382,0.0154391838424541,0.144990438924776,0.108572215711749,"Plxnb1",1,"Down","SUB DIS - MEA"
"GO:0001710","mesodermal cell fate commitment",0.0357142857142857,0.000589990976608593,0.0163964622247171,0.144990438924776,0.108572215711749,"Foxc2",1,"Down","SUB DIS - MEA"
"GO:0018279","protein N-linked glycosylation via asparagine",0.0357142857142857,0.000589990976608593,0.0163964622247171,0.144990438924776,0.108572215711749,"Stt3a",1,"Down","SUB DIS - MEA"
"GO:1902285","semaphorin-plexin signaling pathway involved in neuron projection guidance",0.0357142857142857,0.000589990976608593,0.0163964622247171,0.144990438924776,0.108572215711749,"Plxnb1",1,"Down","SUB DIS - MEA"
"GO:1904748","regulation of apoptotic process involved in development",0.0357142857142857,0.000589990976608593,0.0163964622247171,0.144990438924776,0.108572215711749,"Foxc2",1,"Down","SUB DIS - MEA"
"GO:0018196","peptidyl-asparagine modification",0.0357142857142857,0.000624696328173804,0.017352843065003,0.144990438924776,0.108572215711749,"Stt3a",1,"Down","SUB DIS - MEA"
"GO:0060746","parental behavior",0.0357142857142857,0.000624696328173804,0.017352843065003,0.144990438924776,0.108572215711749,"Zfx",1,"Down","SUB DIS - MEA"
"GO:0061318","renal filtration cell differentiation",0.0357142857142857,0.000624696328173804,0.017352843065003,0.144990438924776,0.108572215711749,"Foxc2",1,"Down","SUB DIS - MEA"
"GO:0061430","bone trabecula morphogenesis",0.0357142857142857,0.000624696328173804,0.017352843065003,0.144990438924776,0.108572215711749,"Plxnb1",1,"Down","SUB DIS - MEA"
"GO:0072112","glomerular visceral epithelial cell differentiation",0.0357142857142857,0.000624696328173804,0.017352843065003,0.144990438924776,0.108572215711749,"Foxc2",1,"Down","SUB DIS - MEA"
"GO:0072311","glomerular epithelial cell differentiation",0.0357142857142857,0.000624696328173804,0.017352843065003,0.144990438924776,0.108572215711749,"Foxc2",1,"Down","SUB DIS - MEA"
"GO:0033623","regulation of integrin activation",0.0357142857142857,0.000659401679739016,0.0183083271737047,0.144990438924776,0.108572215711749,"Foxc2",1,"Down","SUB DIS - MEA"
"GO:1900225","regulation of NLRP3 inflammasome complex assembly",0.0357142857142857,0.000659401679739016,0.0183083271737047,0.144990438924776,0.108572215711749,"Trim30a",1,"Down","SUB DIS - MEA"
"GO:0072010","glomerular epithelium development",0.0357142857142857,0.000694107031304227,0.0192629153605127,0.144990438924776,0.108572215711749,"Foxc2",1,"Down","SUB DIS - MEA"
"GO:0001946","lymphangiogenesis",0.0357142857142857,0.000728812382869438,0.0202166084344142,0.144990438924776,0.108572215711749,"Foxc2",1,"Down","SUB DIS - MEA"
"GO:0044546","NLRP3 inflammasome complex assembly",0.0357142857142857,0.000728812382869438,0.0202166084344142,0.144990438924776,0.108572215711749,"Trim30a",1,"Down","SUB DIS - MEA"
"GO:0090050","positive regulation of cell migration involved in sprouting angiogenesis",0.0357142857142857,0.000728812382869438,0.0202166084344142,0.144990438924776,0.108572215711749,"Foxc2",1,"Down","SUB DIS - MEA"
"GO:0097320","plasma membrane tubulation",0.0357142857142857,0.000728812382869438,0.0202166084344142,0.144990438924776,0.108572215711749,"Bin2",1,"Down","SUB DIS - MEA"
"GO:1903902","positive regulation of viral life cycle",0.0357142857142857,0.000728812382869438,0.0202166084344142,0.144990438924776,0.108572215711749,"Trim30a",1,"Down","SUB DIS - MEA"
"GO:0048339","paraxial mesoderm development",0.0357142857142857,0.00076351773443465,0.0211694072036925,0.144990438924776,0.108572215711749,"Foxc2",1,"Down","SUB DIS - MEA"
"GO:0060055","angiogenesis involved in wound healing",0.0357142857142857,0.00076351773443465,0.0211694072036925,0.144990438924776,0.108572215711749,"Foxc2",1,"Down","SUB DIS - MEA"
"GO:0071800","podosome assembly",0.0357142857142857,0.00076351773443465,0.0211694072036925,0.144990438924776,0.108572215711749,"Bin2",1,"Down","SUB DIS - MEA"
"GO:0007625","grooming behavior",0.0357142857142857,0.000798223085999861,0.0221213124759313,0.144990438924776,0.108572215711749,"Ddo",1,"Down","SUB DIS - MEA"
"GO:0015812","gamma-aminobutyric acid transport",0.0357142857142857,0.000798223085999861,0.0221213124759313,0.144990438924776,0.108572215711749,"Slc6a13",1,"Down","SUB DIS - MEA"
"GO:0033630","positive regulation of cell adhesion mediated by integrin",0.0357142857142857,0.000798223085999861,0.0221213124759313,0.144990438924776,0.108572215711749,"Foxc2",1,"Down","SUB DIS - MEA"
"GO:0140632","inflammasome complex assembly",0.0357142857142857,0.000798223085999861,0.0221213124759313,0.144990438924776,0.108572215711749,"Trim30a",1,"Down","SUB DIS - MEA"
"GO:0036303","lymph vessel morphogenesis",0.0357142857142857,0.000832928437565073,0.0230723250580117,0.144990438924776,0.108572215711749,"Foxc2",1,"Down","SUB DIS - MEA"
"GO:0048333","mesodermal cell differentiation",0.0357142857142857,0.000832928437565073,0.0230723250580117,0.144990438924776,0.108572215711749,"Foxc2",1,"Down","SUB DIS - MEA"
"GO:0007620","copulation",0.0357142857142857,0.000867633789130284,0.024022445756114,0.144990438924776,0.108572215711749,"Ddo",1,"Down","SUB DIS - MEA"
"GO:0031664","regulation of lipopolysaccharide-mediated signaling pathway",0.0357142857142857,0.000937044492260707,0.0259200147216098,0.144990438924776,0.108572215711749,"Trim30a",1,"Down","SUB DIS - MEA"
"GO:0043687","post-translational protein modification",0.0357142857142857,0.000937044492260707,0.0259200147216098,0.144990438924776,0.108572215711749,"Stt3a",1,"Down","SUB DIS - MEA"
"GO:0072012","glomerulus vasculature development",0.0357142857142857,0.000937044492260707,0.0259200147216098,0.144990438924776,0.108572215711749,"Foxc2",1,"Down","SUB DIS - MEA"
"GO:0002089","lens morphogenesis in camera-type eye",0.0357142857142857,0.000971749843825918,0.026867464597866,0.144990438924776,0.108572215711749,"Crygb",1,"Down","SUB DIS - MEA"
"GO:0018126","protein hydroxylation",0.0357142857142857,0.000971749843825918,0.026867464597866,0.144990438924776,0.108572215711749,"P3h4",1,"Down","SUB DIS - MEA"
"GO:0033622","integrin activation",0.0357142857142857,0.000971749843825918,0.026867464597866,0.144990438924776,0.108572215711749,"Foxc2",1,"Down","SUB DIS - MEA"
"GO:0033688","regulation of osteoblast proliferation",0.0357142857142857,0.000971749843825918,0.026867464597866,0.144990438924776,0.108572215711749,"Plxnb1",1,"Down","SUB DIS - MEA"
"GO:0043931","ossification involved in bone maturation",0.0357142857142857,0.000971749843825918,0.026867464597866,0.144990438924776,0.108572215711749,"Plxnb1",1,"Down","SUB DIS - MEA"
"GO:0045187","regulation of circadian sleep/wake cycle, sleep",0.0357142857142857,0.000971749843825918,0.026867464597866,0.144990438924776,0.108572215711749,"Ptgds",1,"Down","SUB DIS - MEA"
"GO:0061437","renal system vasculature development",0.0357142857142857,0.000971749843825918,0.026867464597866,0.144990438924776,0.108572215711749,"Foxc2",1,"Down","SUB DIS - MEA"
"GO:0061440","kidney vasculature development",0.0357142857142857,0.000971749843825918,0.026867464597866,0.144990438924776,0.108572215711749,"Foxc2",1,"Down","SUB DIS - MEA"
"GO:0001516","prostaglandin biosynthetic process",0.0357142857142857,0.00104116054695634,0.0287596991543165,0.144990438924776,0.108572215711749,"Ptgds",1,"Down","SUB DIS - MEA"
"GO:0046457","prostanoid biosynthetic process",0.0357142857142857,0.00104116054695634,0.0287596991543165,0.144990438924776,0.108572215711749,"Ptgds",1,"Down","SUB DIS - MEA"
"GO:0050802","circadian sleep/wake cycle, sleep",0.0357142857142857,0.00104116054695634,0.0287596991543165,0.144990438924776,0.108572215711749,"Ptgds",1,"Down","SUB DIS - MEA"
"GO:0070977","bone maturation",0.0357142857142857,0.00104116054695634,0.0287596991543165,0.144990438924776,0.108572215711749,"Plxnb1",1,"Down","SUB DIS - MEA"
"GO:0001945","lymph vessel development",0.0357142857142857,0.00107586589852155,0.029704485439186,0.144990438924776,0.108572215711749,"Foxc2",1,"Down","SUB DIS - MEA"
"GO:0042749","regulation of circadian sleep/wake cycle",0.0357142857142857,0.00107586589852155,0.029704485439186,0.144990438924776,0.108572215711749,"Ptgds",1,"Down","SUB DIS - MEA"
"GO:0060795","cell fate commitment involved in formation of primary germ layer",0.0357142857142857,0.00107586589852155,0.029704485439186,0.144990438924776,0.108572215711749,"Foxc2",1,"Down","SUB DIS - MEA"
"GO:0072337","modified amino acid transport",0.0357142857142857,0.00107586589852155,0.029704485439186,0.144990438924776,0.108572215711749,"Slc6a13",1,"Down","SUB DIS - MEA"
"GO:0007409","axonogenesis",0.09375,0.0171097383216492,4.05738618712454e-05,0.0531077061137923,0.0447878753954922,"Plxna3/Chl1/Srf/Stmn1/Cntn5/Ephb6/Tenm2/Slit2/Lrrc4c",9,"Up"," SUB DIS - mPFC"
"GO:0021953","central nervous system neuron differentiation",0.0625,0.00718400777399875,6.92408163152442e-05,0.0531077061137923,0.0447878753954922,"Plxna3/Cbln1/Ephb6/Lmo4/Slit2/Satb2",6,"Up"," SUB DIS - mPFC"
"GO:0007411","axon guidance",0.0625,0.00895398070382453,0.000229926567927344,0.0852295472894834,0.0718775225545701,"Plxna3/Chl1/Cntn5/Ephb6/Tenm2/Slit2",6,"Up"," SUB DIS - mPFC"
"GO:0097485","neuron projection guidance",0.0625,0.00898868605538974,0.000234753865626112,0.0852295472894834,0.0718775225545701,"Plxna3/Chl1/Cntn5/Ephb6/Tenm2/Slit2",6,"Up"," SUB DIS - mPFC"
"GO:0050890","cognition",0.0625,0.0124592212119109,0.00129754939978338,0.10476004101409,0.0883483774146136,"Hmgcr/Chl1/Deaf1/Srf/Adcy8/Pak5",6,"Up"," SUB DIS - mPFC"
"GO:0060562","epithelial tube morphogenesis",0.0625,0.0137086138682585,0.00210084384290263,0.115465184336811,0.0973764575241476,"Kdm6a/Deaf1/Srf/Lmo4/Slit2/Ovol2",6,"Up"," SUB DIS - mPFC"
"GO:0009306","protein secretion",0.0625,0.0138474352745193,0.00220911047616469,0.115465184336811,0.0973764575241476,"Hmgcr/Adcyap1/Cbln1/Pcsk1/Adcy8/Sergef",6,"Up"," SUB DIS - mPFC"
"GO:0035592","establishment of protein localization to extracellular region",0.0625,0.0138821406260845,0.00223682403447248,0.115465184336811,0.0973764575241476,"Hmgcr/Adcyap1/Cbln1/Pcsk1/Adcy8/Sergef",6,"Up"," SUB DIS - mPFC"
"GO:0071692","protein localization to extracellular region",0.0625,0.0140903727354758,0.00240866095096345,0.115465184336811,0.0973764575241476,"Hmgcr/Adcyap1/Cbln1/Pcsk1/Adcy8/Sergef",6,"Up"," SUB DIS - mPFC"
"GO:0033674","positive regulation of kinase activity",0.0625,0.0150968279308669,0.00338323060061256,0.132362717153391,0.111626830015451,"Adcyap1/Ephb6/Lmo4/Cacul1/Adcy8/Map3k5",6,"Up"," SUB DIS - mPFC"
"GO:0098742","cell-cell adhesion via plasma-membrane adhesion molecules",0.0520833333333333,0.00742694523495523,0.00076201171935843,0.101180574988468,0.085329669018615,"Cbln1/Cntn5/Tenm2/Lrrc4c/Pcdh10",5,"Up"," SUB DIS - mPFC"
"GO:0007611","learning or memory",0.0520833333333333,0.0111751232039981,0.00450964933372124,0.145441874295671,0.122657011946325,"Hmgcr/Deaf1/Srf/Adcy8/Pak5",5,"Up"," SUB DIS - mPFC"
"GO:0046879","hormone secretion",0.0520833333333333,0.0129103907822586,0.00818924204726822,0.161352335358841,0.136074946926518,"Hmgcr/Adcyap1/Cckbr/Trpv6/Adcy8",5,"Up"," SUB DIS - mPFC"
"GO:0010639","negative regulation of organelle organization",0.0520833333333333,0.0129450961338238,0.00827910433346288,0.161352335358841,0.136074946926518,"Ercc1/Stmn1/Tmeff2/Slx4/Slit2",5,"Up"," SUB DIS - mPFC"
"GO:0009914","hormone transport",0.0520833333333333,0.0131880335947803,0.00892741966455602,0.163509485534906,0.137894158870788,"Hmgcr/Adcyap1/Cckbr/Trpv6/Adcy8",5,"Up"," SUB DIS - mPFC"
"GO:0030900","forebrain development",0.0520833333333333,0.0138127299229541,0.0107543036561048,0.177684958376948,0.149848908148816,"Plxna3/Srf/Slit2/Nr2f1/Satb2",5,"Up"," SUB DIS - mPFC"
"GO:0030038","contractile actin filament bundle assembly",0.0416666666666667,0.00402582078156452,0.000622796034733685,0.101180574988468,0.085329669018615,"Bag4/Srf/Stmn1/Tmeff2",4,"Up"," SUB DIS - mPFC"
"GO:0043149","stress fiber assembly",0.0416666666666667,0.00402582078156452,0.000622796034733685,0.101180574988468,0.085329669018615,"Bag4/Srf/Stmn1/Tmeff2",4,"Up"," SUB DIS - mPFC"
"GO:0014020","primary neural tube formation",0.0416666666666667,0.00412993683626015,0.000685453097250662,0.101180574988468,0.085329669018615,"Kdm6a/Deaf1/Lmo4/Ovol2",4,"Up"," SUB DIS - mPFC"
"GO:0001841","neural tube formation",0.0416666666666667,0.00465051710973832,0.00106711357389374,0.101180574988468,0.085329669018615,"Kdm6a/Deaf1/Lmo4/Ovol2",4,"Up"," SUB DIS - mPFC"
"GO:0001838","embryonic epithelial tube formation",0.0416666666666667,0.00541403484417297,0.00186604906582881,0.115465184336811,0.0973764575241476,"Kdm6a/Deaf1/Lmo4/Ovol2",4,"Up"," SUB DIS - mPFC"
"GO:0021543","pallium development",0.0416666666666667,0.00565697230512945,0.00218890862885793,0.115465184336811,0.0973764575241476,"Plxna3/Srf/Slit2/Nr2f1",4,"Up"," SUB DIS - mPFC"
"GO:0051961","negative regulation of nervous system development",0.0416666666666667,0.0057957937113903,0.00238972389846436,0.115465184336811,0.0973764575241476,"Plxna3/Adcyap1/Cbln1/Slit2",4,"Up"," SUB DIS - mPFC"
"GO:0072175","epithelial tube formation",0.0416666666666667,0.0057957937113903,0.00238972389846436,0.115465184336811,0.0973764575241476,"Kdm6a/Deaf1/Lmo4/Ovol2",4,"Up"," SUB DIS - mPFC"
"GO:0051017","actin filament bundle assembly",0.0416666666666667,0.00600402582078156,0.0027142027938839,0.126169305630845,0.106403675715576,"Bag4/Srf/Stmn1/Tmeff2",4,"Up"," SUB DIS - mPFC"
"GO:0061572","actin filament bundle organization",0.0416666666666667,0.0061081418754772,0.00288724611347867,0.130265751119891,0.109858373791495,"Bag4/Srf/Stmn1/Tmeff2",4,"Up"," SUB DIS - mPFC"
"GO:0035148","tube formation",0.0416666666666667,0.00631637398486847,0.00325571227223938,0.132362717153391,0.111626830015451,"Kdm6a/Deaf1/Lmo4/Ovol2",4,"Up"," SUB DIS - mPFC"
"GO:0016331","morphogenesis of embryonic epithelium",0.0416666666666667,0.0064204900395641,0.00345143982147043,0.132362717153391,0.111626830015451,"Kdm6a/Deaf1/Lmo4/Ovol2",4,"Up"," SUB DIS - mPFC"
"GO:0050770","regulation of axonogenesis",0.0416666666666667,0.0064204900395641,0.00345143982147043,0.132362717153391,0.111626830015451,"Plxna3/Srf/Slit2/Lrrc4c",4,"Up"," SUB DIS - mPFC"
"GO:0007612","learning",0.0416666666666667,0.00648990074269452,0.0035862843933934,0.134179518523548,0.113159012053415,"Hmgcr/Deaf1/Srf/Pak5",4,"Up"," SUB DIS - mPFC"
"GO:0001764","neuron migration",0.0416666666666667,0.00680224890678143,0.00423751223494793,0.145441874295671,0.122657011946325,"Chl1/Srf/Nr2f1/Satb2",4,"Up"," SUB DIS - mPFC"
"GO:0021915","neural tube development",0.0416666666666667,0.00687165960991185,0.00439236013334988,0.145441874295671,0.122657011946325,"Kdm6a/Deaf1/Lmo4/Ovol2",4,"Up"," SUB DIS - mPFC"
"GO:0003205","cardiac chamber development",0.0416666666666667,0.00694107031304227,0.00455098433258945,0.145441874295671,0.122657011946325,"Srf/Lmo4/Slit2/Ovol2",4,"Up"," SUB DIS - mPFC"
"GO:1990138","neuron projection extension",0.0416666666666667,0.00707989171930312,0.00487972942283175,0.149710098692478,0.126256578119163,"Plxna3/Srf/Slit2/Smurf1",4,"Up"," SUB DIS - mPFC"
"GO:0031032","actomyosin structure organization",0.0416666666666667,0.00739223988339002,0.00567695838319258,0.150763457694047,0.127144918346246,"Bag4/Srf/Stmn1/Tmeff2",4,"Up"," SUB DIS - mPFC"
"GO:0090276","regulation of peptide hormone secretion",0.0416666666666667,0.00812105226625946,0.0078646864417598,0.161352335358841,0.136074946926518,"Hmgcr/Adcyap1/Cckbr/Adcy8",4,"Up"," SUB DIS - mPFC"
"GO:0002791","regulation of peptide secretion",0.0416666666666667,0.00829457902408551,0.00845672132415215,0.162157631390618,0.13675408562346,"Hmgcr/Adcyap1/Cckbr/Adcy8",4,"Up"," SUB DIS - mPFC"
"GO:0090087","regulation of peptide transport",0.0416666666666667,0.00839869507878115,0.00882559364083245,0.163509485534906,0.137894158870788,"Hmgcr/Adcyap1/Cckbr/Adcy8",4,"Up"," SUB DIS - mPFC"
"GO:0016072","rRNA metabolic process",0.0416666666666667,0.00860692718817242,0.0095945854380858,0.165371843393524,0.139464760537049,"Taf1b/Ebna1bp2/Rpf1/Exosc9",4,"Up"," SUB DIS - mPFC"
"GO:0021537","telencephalon development",0.0416666666666667,0.00895398070382453,0.0109708762183196,0.179035362967046,0.150987758928498,"Plxna3/Srf/Slit2/Nr2f1",4,"Up"," SUB DIS - mPFC"
"GO:0060292","long-term synaptic depression",0.03125,0.00131880335947803,0.00027780165348593,0.0852295472894834,0.0718775225545701,"Cbln1/Srf/Adcy8",3,"Up"," SUB DIS - mPFC"
"GO:0099054","presynapse assembly",0.03125,0.00187408898452141,0.000785913580671329,0.101180574988468,0.085329669018615,"Cbln1/Cntn5/Il1rapl2",3,"Up"," SUB DIS - mPFC"
"GO:0001662","behavioral fear response",0.03125,0.00190879433608662,0.0008292563578714,0.101180574988468,0.085329669018615,"Adcyap1/Cckbr/Deaf1",3,"Up"," SUB DIS - mPFC"
"GO:0002209","behavioral defense response",0.03125,0.00194349968765184,0.000874089261905346,0.101180574988468,0.085329669018615,"Adcyap1/Cckbr/Deaf1",3,"Up"," SUB DIS - mPFC"
"GO:0042596","fear response",0.03125,0.00211702644547789,0.00112129711525682,0.101180574988468,0.085329669018615,"Adcyap1/Cckbr/Deaf1",3,"Up"," SUB DIS - mPFC"
"GO:0099172","presynapse organization",0.03125,0.00211702644547789,0.00112129711525682,0.101180574988468,0.085329669018615,"Cbln1/Cntn5/Il1rapl2",3,"Up"," SUB DIS - mPFC"
"GO:0050805","negative regulation of synaptic transmission",0.03125,0.00308877628930381,0.00330822857604513,0.132362717153391,0.111626830015451,"Cbln1/Srf/Adcy8",3,"Up"," SUB DIS - mPFC"
"GO:0021954","central nervous system neuron development",0.03125,0.00326230304712987,0.00385836367628918,0.140922139986371,0.118845337297228,"Plxna3/Ephb6/Slit2",3,"Up"," SUB DIS - mPFC"
"GO:0051492","regulation of stress fiber assembly",0.03125,0.00343582980495592,0.00446110329707376,0.145441874295671,0.122657011946325,"Bag4/Stmn1/Tmeff2",3,"Up"," SUB DIS - mPFC"
"GO:0006352","DNA-templated transcription, initiation",0.03125,0.0036787672659124,0.00539598601986753,0.150763457694047,0.127144918346246,"Ercc1/Taf1b/Srf",3,"Up"," SUB DIS - mPFC"
"GO:0033555","multicellular organismal response to stress",0.03125,0.00374817796904283,0.00568304128344945,0.150763457694047,0.127144918346246,"Adcyap1/Cckbr/Deaf1",3,"Up"," SUB DIS - mPFC"
"GO:0110020","regulation of actomyosin structure organization",0.03125,0.00385229402373846,0.00613053497462949,0.150763457694047,0.127144918346246,"Bag4/Stmn1/Tmeff2",3,"Up"," SUB DIS - mPFC"
"GO:0001843","neural tube closure",0.03125,0.00388699937530367,0.00628424545234684,0.150763457694047,0.127144918346246,"Kdm6a/Deaf1/Lmo4",3,"Up"," SUB DIS - mPFC"
"GO:0030516","regulation of axon extension",0.03125,0.00392170472686888,0.00644024355903114,0.150763457694047,0.127144918346246,"Plxna3/Srf/Slit2",3,"Up"," SUB DIS - mPFC"
"GO:0060606","tube closure",0.03125,0.00392170472686888,0.00644024355903114,0.150763457694047,0.127144918346246,"Kdm6a/Deaf1/Lmo4",3,"Up"," SUB DIS - mPFC"
"GO:0032231","regulation of actin filament bundle assembly",0.03125,0.00399111542999931,0.00675913673177498,0.150763457694047,0.127144918346246,"Bag4/Stmn1/Tmeff2",3,"Up"," SUB DIS - mPFC"
"GO:0008306","associative learning",0.03125,0.00416464218782536,0.00759698263999148,0.161352335358841,0.136074946926518,"Hmgcr/Deaf1/Srf",3,"Up"," SUB DIS - mPFC"
"GO:0090277","positive regulation of peptide hormone secretion",0.03125,0.00430346359408621,0.00830954008692855,0.161352335358841,0.136074946926518,"Adcyap1/Cckbr/Adcy8",3,"Up"," SUB DIS - mPFC"
"GO:0002793","positive regulation of peptide secretion",0.03125,0.00444228500034705,0.00906017357918319,0.163509485534906,0.137894158870788,"Adcyap1/Cckbr/Adcy8",3,"Up"," SUB DIS - mPFC"
"GO:0061387","regulation of extent of cell growth",0.03125,0.00444228500034705,0.00906017357918319,0.163509485534906,0.137894158870788,"Plxna3/Srf/Slit2",3,"Up"," SUB DIS - mPFC"
"GO:0051224","negative regulation of protein transport",0.03125,0.0048934545706948,0.0117674593868578,0.180635264220526,0.152337020330081,"Hmgcr/Bag4/Sergef",3,"Up"," SUB DIS - mPFC"
"GO:0048675","axon extension",0.03125,0.00492815992226001,0.011992898399784,0.180635264220526,0.152337020330081,"Plxna3/Srf/Slit2",3,"Up"," SUB DIS - mPFC"
"GO:1900454","positive regulation of long-term synaptic depression",0.0208333333333333,0.000381758867217325,0.000592465762216283,0.101180574988468,0.085329669018615,"Cbln1/Adcy8",2,"Up"," SUB DIS - mPFC"
"GO:0060347","heart trabecula formation",0.0208333333333333,0.00052058027347817,0.00112128802688652,0.101180574988468,0.085329669018615,"Srf/Ovol2",2,"Up"," SUB DIS - mPFC"
"GO:0001821","histamine secretion",0.0208333333333333,0.000555285625043382,0.00127869376710725,0.10476004101409,0.0883483774146136,"Adcyap1/Cckbr",2,"Up"," SUB DIS - mPFC"
"GO:1900221","regulation of amyloid-beta clearance",0.0208333333333333,0.000624696328173804,0.00162327564103118,0.115465184336811,0.0973764575241476,"Hmgcr/Srf",2,"Up"," SUB DIS - mPFC"
"GO:0006743","ubiquinone metabolic process",0.0208333333333333,0.000659401679739016,0.00181031885047645,0.115465184336811,0.0973764575241476,"Hmgcr/Coq10b",2,"Up"," SUB DIS - mPFC"
"GO:0051608","histamine transport",0.0208333333333333,0.000659401679739016,0.00181031885047645,0.115465184336811,0.0973764575241476,"Adcyap1/Cckbr",2,"Up"," SUB DIS - mPFC"
"GO:1900452","regulation of long-term synaptic depression",0.0208333333333333,0.000659401679739016,0.00181031885047645,0.115465184336811,0.0973764575241476,"Cbln1/Adcy8",2,"Up"," SUB DIS - mPFC"
"GO:0006390","mitochondrial transcription",0.0208333333333333,0.000694107031304227,0.00200710883317307,0.115465184336811,0.0973764575241476,"Mettl4/Polrmt",2,"Up"," SUB DIS - mPFC"
"GO:0034389","lipid droplet organization",0.0208333333333333,0.000902339140695495,0.00338887684081671,0.132362717153391,0.111626830015451,"Tmem159/Ptgfrn",2,"Up"," SUB DIS - mPFC"
"GO:0060343","trabecula formation",0.0208333333333333,0.00104116054695634,0.00449679560190817,0.145441874295671,0.122657011946325,"Srf/Ovol2",2,"Up"," SUB DIS - mPFC"
"GO:0021952","central nervous system projection neuron axonogenesis",0.0208333333333333,0.00107586589852155,0.00479653703834923,0.149710098692478,0.126256578119163,"Ephb6/Slit2",2,"Up"," SUB DIS - mPFC"
"GO:0036297","interstrand cross-link repair",0.0208333333333333,0.00111057125008676,0.0051052583254189,0.150763457694047,0.127144918346246,"Ercc1/Slx4",2,"Up"," SUB DIS - mPFC"
"GO:0002438","acute inflammatory response to antigenic stimulus",0.0208333333333333,0.00117998195321719,0.00574939321198117,0.150763457694047,0.127144918346246,"Adcyap1/Ephb6",2,"Up"," SUB DIS - mPFC"
"GO:0032205","negative regulation of telomere maintenance",0.0208333333333333,0.00117998195321719,0.00574939321198117,0.150763457694047,0.127144918346246,"Ercc1/Slx4",2,"Up"," SUB DIS - mPFC"
"GO:0051497","negative regulation of stress fiber assembly",0.0208333333333333,0.00117998195321719,0.00574939321198117,0.150763457694047,0.127144918346246,"Stmn1/Tmeff2",2,"Up"," SUB DIS - mPFC"
"GO:0000460","maturation of 5.8S rRNA",0.0208333333333333,0.0012146873047824,0.00608468395337845,0.150763457694047,0.127144918346246,"Rpf1/Exosc9",2,"Up"," SUB DIS - mPFC"
"GO:0008045","motor neuron axon guidance",0.0208333333333333,0.00124939265634761,0.00642870882659516,0.150763457694047,0.127144918346246,"Plxna3/Slit2",2,"Up"," SUB DIS - mPFC"
"GO:0097242","amyloid-beta clearance",0.0208333333333333,0.00124939265634761,0.00642870882659516,0.150763457694047,0.127144918346246,"Hmgcr/Srf",2,"Up"," SUB DIS - mPFC"
"GO:0010923","negative regulation of phosphatase activity",0.0208333333333333,0.00128409800791282,0.00678140715833721,0.150763457694047,0.127144918346246,"Bag4/Ppp1r26",2,"Up"," SUB DIS - mPFC"
"GO:0048846","axon extension involved in axon guidance",0.0208333333333333,0.00128409800791282,0.00678140715833721,0.150763457694047,0.127144918346246,"Plxna3/Slit2",2,"Up"," SUB DIS - mPFC"
"GO:0061384","heart trabecula morphogenesis",0.0208333333333333,0.00128409800791282,0.00678140715833721,0.150763457694047,0.127144918346246,"Srf/Ovol2",2,"Up"," SUB DIS - mPFC"
"GO:1902284","neuron projection extension involved in neuron projection guidance",0.0208333333333333,0.00128409800791282,0.00678140715833721,0.150763457694047,0.127144918346246,"Plxna3/Slit2",2,"Up"," SUB DIS - mPFC"
"GO:1901661","quinone metabolic process",0.0208333333333333,0.00131880335947803,0.00714271857527339,0.154322961893935,0.130146792127665,"Hmgcr/Coq10b",2,"Up"," SUB DIS - mPFC"
"GO:1905606","regulation of presynapse assembly",0.0208333333333333,0.00131880335947803,0.00714271857527339,0.154322961893935,0.130146792127665,"Cbln1/Il1rapl2",2,"Up"," SUB DIS - mPFC"
"GO:0032232","negative regulation of actin filament bundle assembly",0.0208333333333333,0.00138821406260845,0.00789094066347634,0.161352335358841,0.136074946926518,"Stmn1/Tmeff2",2,"Up"," SUB DIS - mPFC"
"GO:0033561","regulation of water loss via skin",0.0208333333333333,0.00142291941417367,0.00827773207630076,0.161352335358841,0.136074946926518,"Srf/Stmn1",2,"Up"," SUB DIS - mPFC"
"GO:0051968","positive regulation of synaptic transmission, glutamatergic",0.0208333333333333,0.00142291941417367,0.00827773207630076,0.161352335358841,0.136074946926518,"Adcyap1/Cckbr",2,"Up"," SUB DIS - mPFC"
"GO:0099174","regulation of presynapse organization",0.0208333333333333,0.00145762476573888,0.00867289805487795,0.163509485534906,0.137894158870788,"Cbln1/Il1rapl2",2,"Up"," SUB DIS - mPFC"
"GO:0007616","long-term memory",0.0208333333333333,0.0015270354688693,0.00948811843045837,0.165371843393524,0.139464760537049,"Srf/Adcy8",2,"Up"," SUB DIS - mPFC"
"GO:0021955","central nervous system neuron axonogenesis",0.0208333333333333,0.0015270354688693,0.00948811843045837,0.165371843393524,0.139464760537049,"Ephb6/Slit2",2,"Up"," SUB DIS - mPFC"
"GO:0050919","negative chemotaxis",0.0208333333333333,0.0015270354688693,0.00948811843045837,0.165371843393524,0.139464760537049,"Plxna3/Slit2",2,"Up"," SUB DIS - mPFC"
"GO:0034198","cellular response to amino acid starvation",0.0208333333333333,0.00156174082043451,0.00990805591751663,0.168877308638561,0.142421061083368,"Rragb/Map3k5",2,"Up"," SUB DIS - mPFC"
"GO:0060261","positive regulation of transcription initiation from RNA polymerase II promoter",0.0208333333333333,0.00159644617199972,0.0103361341479215,0.174237689922106,0.14694168730822,"Ercc1/Srf",2,"Up"," SUB DIS - mPFC"
"GO:0021772","olfactory bulb development",0.0208333333333333,0.00163115152356493,0.010772295390519,0.177684958376948,0.149848908148816,"Srf/Slit2",2,"Up"," SUB DIS - mPFC"
"GO:0000959","mitochondrial RNA metabolic process",0.0208333333333333,0.00166585687513015,0.0112164822014353,0.179230038510434,0.151151936683815,"Mettl4/Polrmt",2,"Up"," SUB DIS - mPFC"
"GO:0030517","negative regulation of axon extension",0.0208333333333333,0.00166585687513015,0.0112164822014353,0.179230038510434,0.151151936683815,"Plxna3/Slit2",2,"Up"," SUB DIS - mPFC"
"GO:0016073","snRNA metabolic process",0.0208333333333333,0.00170056222669536,0.0116686374228361,0.180635264220526,0.152337020330081,"Mettl4/Exosc9",2,"Up"," SUB DIS - mPFC"
"GO:1990928","response to amino acid starvation",0.0208333333333333,0.00170056222669536,0.0116686374228361,0.180635264220526,0.152337020330081,"Rragb/Map3k5",2,"Up"," SUB DIS - mPFC"
"GO:0043523","regulation of neuron apoptotic process",0.0648148148148148,0.00982161449295481,9.80032292937917e-05,0.0368100129227482,0.0327846592311231,"Ccl12/Egln3/Epha7/Foxq1/Pla2g3/Isl1/Epor",7,"Down"," SUB DIS - mPFC"
"GO:0051402","neuron apoptotic process",0.0648148148148148,0.0110363017977372,0.000200879764774685,0.0480388485468084,0.0427855671435898,"Ccl12/Egln3/Epha7/Foxq1/Pla2g3/Isl1/Epor",7,"Down"," SUB DIS - mPFC"
"GO:1901214","regulation of neuron death",0.0648148148148148,0.0136044978135629,0.000702283605668704,0.0953236618275558,0.0848995564396537,"Ccl12/Egln3/Epha7/Foxq1/Pla2g3/Isl1/Epor",7,"Down"," SUB DIS - mPFC"
"GO:0070997","neuron death",0.0648148148148148,0.0152009439855626,0.0013352027923268,0.0997709515922423,0.0888605134690169,"Ccl12/Egln3/Epha7/Foxq1/Pla2g3/Isl1/Epor",7,"Down"," SUB DIS - mPFC"
"GO:1902105","regulation of leukocyte differentiation",0.0555555555555556,0.0112098285555633,0.00139136230884254,0.0997709515922423,0.0888605134690169,"Nfkbiz/Prdm16/Lilrb4a/Runx1/Pla2g3/Nckap1l",6,"Down"," SUB DIS - mPFC"
"GO:1903706","regulation of hemopoiesis",0.0555555555555556,0.013951551329215,0.00411955938701014,0.175830284745569,0.156602389137778,"Nfkbiz/Prdm16/Lilrb4a/Runx1/Pla2g3/Nckap1l",6,"Down"," SUB DIS - mPFC"
"GO:1902107","positive regulation of leukocyte differentiation",0.0462962962962963,0.00655931144582495,0.000743525165004183,0.0953236618275558,0.0848995564396537,"Nfkbiz/Lilrb4a/Runx1/Pla2g3/Nckap1l",5,"Down"," SUB DIS - mPFC"
"GO:1903708","positive regulation of hemopoiesis",0.0462962962962963,0.00655931144582495,0.000743525165004183,0.0953236618275558,0.0848995564396537,"Nfkbiz/Lilrb4a/Runx1/Pla2g3/Nckap1l",5,"Down"," SUB DIS - mPFC"
"GO:0043524","negative regulation of neuron apoptotic process",0.0462962962962963,0.00659401679739016,0.000761371100859072,0.0953236618275558,0.0848995564396537,"Ccl12/Foxq1/Pla2g3/Isl1/Epor",5,"Down"," SUB DIS - mPFC"
"GO:0045637","regulation of myeloid cell differentiation",0.0462962962962963,0.00770458804747692,0.00152050242632196,0.101982269879737,0.0908300133618647,"Prdm16/Lilrb4a/Runx1/Pla2g3/Nckap1l",5,"Down"," SUB DIS - mPFC"
"GO:1901215","negative regulation of neuron death",0.0462962962962963,0.00905809675852016,0.00306622141048012,0.147650354073889,0.131504070749066,"Ccl12/Foxq1/Pla2g3/Isl1/Epor",5,"Down"," SUB DIS - mPFC"
"GO:0048738","cardiac muscle tissue development",0.0462962962962963,0.00937044492260707,0.00354252562213058,0.163396995102127,0.145528740102729,"Hspg2/Asb2/Gjc1/Isl1/Epor",5,"Down"," SUB DIS - mPFC"
"GO:0014706","striated muscle tissue development",0.0462962962962963,0.0100645519539113,0.00478794690099904,0.191314133618642,0.17039300393477,"Hspg2/Asb2/Gjc1/Isl1/Epor",5,"Down"," SUB DIS - mPFC"
"GO:0046638","positive regulation of alpha-beta T cell differentiation",0.037037037037037,0.0018393836329562,4.74439221866172e-05,0.0297337143284547,0.0264821882562158,"Nfkbiz/Lilrb4a/Runx1/Nckap1l",4,"Down"," SUB DIS - mPFC"
"GO:0046637","regulation of alpha-beta T cell differentiation",0.037037037037037,0.00253349066426043,0.000166491388144264,0.0480388485468084,0.0427855671435898,"Nfkbiz/Lilrb4a/Runx1/Nckap1l",4,"Down"," SUB DIS - mPFC"
"GO:0046635","positive regulation of alpha-beta T cell activation",0.037037037037037,0.00267231207052127,0.000204638332467767,0.0480388485468084,0.0427855671435898,"Nfkbiz/Lilrb4a/Runx1/Nckap1l",4,"Down"," SUB DIS - mPFC"
"GO:0045582","positive regulation of T cell differentiation",0.037037037037037,0.0036787672659124,0.000691250045569781,0.0953236618275558,0.0848995564396537,"Nfkbiz/Lilrb4a/Runx1/Nckap1l",4,"Down"," SUB DIS - mPFC"
"GO:0046634","regulation of alpha-beta T cell activation",0.037037037037037,0.00399111542999931,0.000937519921666125,0.0997709515922423,0.0888605134690169,"Nfkbiz/Lilrb4a/Runx1/Nckap1l",4,"Down"," SUB DIS - mPFC"
"GO:0035710","CD4-positive, alpha-beta T cell activation",0.037037037037037,0.00402582078156452,0.000968228785179692,0.0997709515922423,0.0888605134690169,"Nfkbiz/Lilrb4a/Runx1/Nckap1l",4,"Down"," SUB DIS - mPFC"
"GO:0045621","positive regulation of lymphocyte differentiation",0.037037037037037,0.00423405289095579,0.00116750859847472,0.0997709515922423,0.0888605134690169,"Nfkbiz/Lilrb4a/Runx1/Nckap1l",4,"Down"," SUB DIS - mPFC"
"GO:0046632","alpha-beta T cell differentiation",0.037037037037037,0.00447699035191227,0.00143440665228463,0.0997709515922423,0.0888605134690169,"Nfkbiz/Lilrb4a/Runx1/Nckap1l",4,"Down"," SUB DIS - mPFC"
"GO:0002761","regulation of myeloid leukocyte differentiation",0.037037037037037,0.00478933851599917,0.00183657780728862,0.111261068454453,0.0990941302472536,"Prdm16/Lilrb4a/Runx1/Pla2g3",4,"Down"," SUB DIS - mPFC"
"GO:0045580","regulation of T cell differentiation",0.037037037037037,0.0057957937113903,0.00365424589685268,0.163396995102127,0.145528740102729,"Nfkbiz/Lilrb4a/Runx1/Nckap1l",4,"Down"," SUB DIS - mPFC"
"GO:0046631","alpha-beta T cell activation",0.037037037037037,0.00645519539112931,0.00534742983253492,0.196634151932334,0.175131252407644,"Nfkbiz/Lilrb4a/Runx1/Nckap1l",4,"Down"," SUB DIS - mPFC"
"GO:2001185","regulation of CD8-positive, alpha-beta T cell activation",0.0277777777777778,0.000624696328173804,4.01076415512015e-05,0.0297337143284547,0.0264821882562158,"Lilrb4a/Runx1/Nckap1l",3,"Down"," SUB DIS - mPFC"
"GO:0043374","CD8-positive, alpha-beta T cell differentiation",0.0277777777777778,0.000659401679739016,4.7497946211589e-05,0.0297337143284547,0.0264821882562158,"Lilrb4a/Runx1/Nckap1l",3,"Down"," SUB DIS - mPFC"
"GO:0031290","retinal ganglion cell axon guidance",0.0277777777777778,0.000728812382869438,6.48382720529001e-05,0.0304415687288366,0.0271126353400153,"Epha7/Zic2/Isl1",3,"Down"," SUB DIS - mPFC"
"GO:0036037","CD8-positive, alpha-beta T cell activation",0.0277777777777778,0.00117998195321719,0.000281563579514464,0.0587529335920181,0.052328014953039,"Lilrb4a/Runx1/Nckap1l",3,"Down"," SUB DIS - mPFC"
"GO:0043370","regulation of CD4-positive, alpha-beta T cell differentiation",0.0277777777777778,0.0018393836329562,0.00104674391197069,0.0997709515922423,0.0888605134690169,"Nfkbiz/Runx1/Nckap1l",3,"Down"," SUB DIS - mPFC"
"GO:0002762","negative regulation of myeloid leukocyte differentiation",0.0277777777777778,0.00190879433608662,0.00116590997064456,0.0997709515922423,0.0888605134690169,"Prdm16/Lilrb4a/Runx1",3,"Down"," SUB DIS - mPFC"
"GO:0002707","negative regulation of lymphocyte mediated immunity",0.0277777777777778,0.00218643714860832,0.00172690745815903,0.111261068454453,0.0990941302472536,"Lilrb4a/Tap1/Nckap1l",3,"Down"," SUB DIS - mPFC"
"GO:0032663","regulation of interleukin-2 production",0.0277777777777778,0.00232525855486916,0.00206077645606729,0.120941818265449,0.107716243049043,"Homer2/Lilrb4a/Runx1",3,"Down"," SUB DIS - mPFC"
"GO:2000514","regulation of CD4-positive, alpha-beta T cell activation",0.0277777777777778,0.00242937460956479,0.00233574659476743,0.132925215302219,0.118389197418994,"Nfkbiz/Runx1/Nckap1l",3,"Down"," SUB DIS - mPFC"
"GO:0032623","interleukin-2 production",0.0277777777777778,0.00256819601582564,0.00273623889792363,0.145551287582433,0.129634547373178,"Homer2/Lilrb4a/Runx1",3,"Down"," SUB DIS - mPFC"
"GO:0002704","negative regulation of leukocyte mediated immunity",0.0277777777777778,0.00263760671895606,0.00295136765483422,0.145859696204702,0.129909230014725,"Lilrb4a/Tap1/Nckap1l",3,"Down"," SUB DIS - mPFC"
"GO:0048663","neuron fate commitment",0.0277777777777778,0.00263760671895606,0.00295136765483422,0.145859696204702,0.129909230014725,"Runx1/Isl1/Sox1",3,"Down"," SUB DIS - mPFC"
"GO:0045638","negative regulation of myeloid cell differentiation",0.0277777777777778,0.00308877628930381,0.00460311220801956,0.187927059275233,0.167376322621123,"Prdm16/Lilrb4a/Runx1",3,"Down"," SUB DIS - mPFC"
"GO:0043367","CD4-positive, alpha-beta T cell differentiation",0.0277777777777778,0.00319289234399944,0.00504911466012711,0.193515047586096,0.172353237270504,"Nfkbiz/Runx1/Nckap1l",3,"Down"," SUB DIS - mPFC"
"GO:0045576","mast cell activation",0.0277777777777778,0.0033664191018255,0.00584862590301005,0.199703989924598,0.177865388705894,"Lilrb4a/Ndrg1/Pla2g3",3,"Down"," SUB DIS - mPFC"
"GO:0030853","negative regulation of granulocyte differentiation",0.0185185185185185,0.000347053515652114,0.000614192462144348,0.0953236618275558,0.0848995564396537,"Prdm16/Runx1",2,"Down"," SUB DIS - mPFC"
"GO:0002664","regulation of T cell tolerance induction",0.0185185185185185,0.000416464218782536,0.000896412769774067,0.0997709515922423,0.0888605134690169,"Lilrb4a/Runx1",2,"Down"," SUB DIS - mPFC"
"GO:0002517","T cell tolerance induction",0.0185185185185185,0.000485874921912959,0.00122992557119964,0.0997709515922423,0.0888605134690169,"Lilrb4a/Runx1",2,"Down"," SUB DIS - mPFC"
"GO:0072530","purine-containing compound transmembrane transport",0.0185185185185185,0.000485874921912959,0.00122992557119964,0.0997709515922423,0.0888605134690169,"Slc29a1/Lrrc8a",2,"Down"," SUB DIS - mPFC"
"GO:0070071","proton-transporting two-sector ATPase complex assembly",0.0185185185185185,0.00052058027347817,0.00141567597322261,0.0997709515922423,0.0888605134690169,"Atp23/Atpaf1",2,"Down"," SUB DIS - mPFC"
"GO:0090336","positive regulation of brown fat cell differentiation",0.0185185185185185,0.000589990976608593,0.00182468804407126,0.111261068454453,0.0990941302472536,"Prdm16/Fndc5",2,"Down"," SUB DIS - mPFC"
"GO:0002643","regulation of tolerance induction",0.0185185185185185,0.000694107031304227,0.00253056983762399,0.139776769266407,0.124491500680635,"Lilrb4a/Runx1",2,"Down"," SUB DIS - mPFC"
"GO:0030852","regulation of granulocyte differentiation",0.0185185185185185,0.000728812382869438,0.00279012052873674,0.145551287582433,0.129634547373178,"Prdm16/Runx1",2,"Down"," SUB DIS - mPFC"
"GO:0002710","negative regulation of T cell mediated immunity",0.0185185185185185,0.000832928437565073,0.00364025164608229,0.163396995102127,0.145528740102729,"Lilrb4a/Nckap1l",2,"Down"," SUB DIS - mPFC"
"GO:0090335","regulation of brown fat cell differentiation",0.0185185185185185,0.000867633789130284,0.00394715099418002,0.172389524815583,0.153537893017186,"Prdm16/Fndc5",2,"Down"," SUB DIS - mPFC"
"GO:0032703","negative regulation of interleukin-2 production",0.0185185185185185,0.000937044492260707,0.00459569118380246,0.187927059275233,0.167376322621123,"Homer2/Lilrb4a",2,"Down"," SUB DIS - mPFC"
"GO:0018126","protein hydroxylation",0.0185185185185185,0.000971749843825918,0.00493715312168227,0.193166115885819,0.172042462946341,"Egln3/P3h4",2,"Down"," SUB DIS - mPFC"
"GO:0048875","chemical homeostasis within a tissue",0.0185185185185185,0.00100645519539113,0.00528995784748135,0.196634151932334,0.175131252407644,"Homer2/Nkiras2",2,"Down"," SUB DIS - mPFC"
"GO:0001911","negative regulation of leukocyte mediated cytotoxicity",0.0185185185185185,0.00104116054695634,0.00565401714821407,0.196634151932334,0.175131252407644,"Tap1/Nckap1l",2,"Down"," SUB DIS - mPFC"
"GO:0002507","tolerance induction",0.0185185185185185,0.00104116054695634,0.00565401714821407,0.196634151932334,0.175131252407644,"Lilrb4a/Runx1",2,"Down"," SUB DIS - mPFC"
"GO:0061099","negative regulation of protein tyrosine kinase activity",0.0185185185185185,0.00104116054695634,0.00565401714821407,0.196634151932334,0.175131252407644,"Lilrb4a/Vps25",2,"Down"," SUB DIS - mPFC"
