"symbol","logFC","P.Value","adj.P.Val","ensgene","entrez"
"Mog",1.75512037750556,1.06034498982123e-06,0.00558910636656777,"ENSMUSG00000076439",17441
"Lpar1",1.65068279717172,1.33952831159149e-06,0.00558910636656777,"ENSMUSG00000038668",14745
"Egr4",-1.23299863534044,1.4293243672064e-06,0.00558910636656777,"ENSMUSG00000071341",13656
"Ttyh2",1.28650998731574,1.4723673252286e-06,0.00558910636656777,"ENSMUSG00000034714",117160
"Mal",1.44915503409524,2.22885457788542e-06,0.00661760747706264,"ENSMUSG00000027375",17153
"Tprn",1.10606383070939,3.28541940021903e-06,0.00661760747706264,"ENSMUSG00000048707",97031
"Cttnbp2nl",0.668216441914304,3.69771583993636e-06,0.00661760747706264,"ENSMUSG00000062127",80281
"Icam5",-1.03541112347177,3.78510060476801e-06,0.00661760747706264,"ENSMUSG00000032174",15898
"Ugt8a",1.49396647364316,5.31339150093632e-06,0.00713733199525403,"ENSMUSG00000032854",22239
"Cryab",1.24405095320838,5.37000703255295e-06,0.00713733199525403,"ENSMUSG00000032060",12955
"Ermn",1.49408138798916,7.19341782343379e-06,0.00763917391172413,"ENSMUSG00000026830",77767
"Mobp",1.59204245366201,7.5466022573671e-06,0.00763917391172413,"ENSMUSG00000032517",17433
"Nr4a2",-1.10750957620461,1.04272983304402e-05,0.00989550611558771,"ENSMUSG00000026826",18227
"Bcas1",1.41611640633394,1.2644326002568e-05,0.0104054741013959,"ENSMUSG00000013523",76960
"Serpinb1a",1.78393944214842,1.50720030124335e-05,0.0104054741013959,"ENSMUSG00000044734",66222
"Junb",-0.892716387509269,1.5645697408376e-05,0.0104054741013959,"ENSMUSG00000052837",16477
"Tspan2",1.11235226919894,1.72133717598346e-05,0.0104054741013959,"ENSMUSG00000027858",70747
"Slc44a1",0.768398711027734,1.76280850267769e-05,0.0104054741013959,"ENSMUSG00000028412",100434
"Fa2h",1.61169902062499,1.79791191088663e-05,0.0104054741013959,"ENSMUSG00000033579",338521
"Rgs14",-0.69487637999545,1.8381955686198e-05,0.0104054741013959,"ENSMUSG00000052087",51791
"Erbin",0.745821323937704,1.9229063261531e-05,0.0104054741013959,"ENSMUSG00000021709",59079
"Lhx9",-1.32548027416253,2.05149892846826e-05,0.0104054741013959,"ENSMUSG00000019230",16876
"Mag",1.41058287401144,2.09457726981172e-05,0.0104054741013959,"ENSMUSG00000036634",17136
"Mbp",1.39846437736994,2.12440527623335e-05,0.0104054741013959,"ENSMUSG00000041607",17196
"Retreg1",0.827484709369437,2.21701694456385e-05,0.0105197454019555,"ENSMUSG00000022270",66270
"Sema6d",0.788228606001807,2.38195426804102e-05,0.0109598768502833,"ENSMUSG00000027200",214968
"Evi2a",1.39929362625435,2.68427742766026e-05,0.0112643111720223,"ENSMUSG00000078771",14017
"Cldn11",1.3909084277531,2.76639822530543e-05,0.0112643111720223,"ENSMUSG00000037625",18417
"Enpp2",1.00601311996233,2.81471996602241e-05,0.0112643111720223,"ENSMUSG00000022425",18606
"Sowaha",-0.875618403267581,2.82486708415801e-05,0.0112643111720223,"ENSMUSG00000044352",237761
"Rhobtb3",0.784324191215268,2.89323060925231e-05,0.0112643111720223,"ENSMUSG00000021589",73296
"Slc16a7",-0.714553158333784,3.14819015334569e-05,0.0119279930393292,"ENSMUSG00000020102",20503
"Ctxn1",-0.634812738215826,3.2208095008726e-05,0.0119279930393292,"ENSMUSG00000048644",330695
"Rreb1",-1.01447589015899,3.66343262098862e-05,0.0123612357593536,"ENSMUSG00000039087",68750
"Olfm3",0.991921642644779,4.07344953646242e-05,0.0134459256003577,"ENSMUSG00000027965",229759
"Rhog",0.968720700914586,4.73210233488186e-05,0.0148753089725641,"ENSMUSG00000073982",56212
"Ndrg1",0.840240377088878,4.81855676824755e-05,0.0148753089725641,"ENSMUSG00000005125",17988
"Rcbtb1",0.507299148670676,5.55744487272836e-05,0.0148753089725641,"ENSMUSG00000035469",71330
"Syt16",-0.621213230997223,5.66276024014998e-05,0.0148753089725641,"ENSMUSG00000044912",238266
"Plp1",1.31026455336101,6.10248179516667e-05,0.0148753089725641,"ENSMUSG00000031425",18823
"Vmn2r121",-1.52583885968616,6.10776514457793e-05,0.0148753089725641,"ENSMUSG00000072049",100038941
"Cntn2",0.804271606837609,6.17192087244165e-05,0.0148753089725641,"ENSMUSG00000053024",21367
"Ednrb",0.574001671257371,6.47457361419275e-05,0.0153609258996723,"ENSMUSG00000022122",13618
"Nell2",-0.569952119958029,6.59903398733021e-05,0.0154153433944034,"ENSMUSG00000022454",54003
"Col23a1",-0.953247017229546,6.87122414862611e-05,0.0158079799201119,"ENSMUSG00000063564",237759
"Mtus1",0.700505773309187,7.46937975334377e-05,0.016678685613937,"ENSMUSG00000045636",102103
"Cyp2d22",0.706876012384874,7.89486098590512e-05,0.0171393000136014,"ENSMUSG00000061740",56448
"Clic4",0.788802292298059,7.92927151762615e-05,0.0171393000136014,"ENSMUSG00000037242",29876
"Rapgefl1",-0.670610188683637,8.01429334144955e-05,0.0171393000136014,"ENSMUSG00000038020",268480
"Myrf",1.13898678748821,8.63824931373235e-05,0.0176008860699489,"ENSMUSG00000036098",225908
"Rnf152",0.82469648479691,8.69379909935567e-05,0.0176008860699489,"ENSMUSG00000047496",320311
"Unc5a",-0.852089672391441,9.75474252714487e-05,0.0184513141921338,"ENSMUSG00000025876",107448
"Dusp18",-0.9019172528709,0.00010116399151396,0.0185069162306984,"ENSMUSG00000047205",75219
"As3mt",0.959790042785557,0.000105990425976413,0.0185670592224473,"ENSMUSG00000003559",57344
"Mchr1",-0.950050547301812,0.000115019818840815,0.0194051214364326,"ENSMUSG00000050164",207911
"Pde8a",1.47196474422271,0.000118247308570931,0.0197304080586924,"ENSMUSG00000025584",18584
"Fstl5",0.770441729851859,0.000126156280948314,0.0203782656374383,"ENSMUSG00000034098",213262
"Ddn",-1.17822774691275,0.00013002795057993,0.0206063130609625,"ENSMUSG00000059213",13199
"Gjc2",1.50559444342041,0.000136884106125493,0.0209944269435302,"ENSMUSG00000043448",118454
"Tmem88b",0.962014510840974,0.000143562512551801,0.0217983039793105,"ENSMUSG00000073680",320587
"Nap1l3",0.473504169335936,0.000162359983546214,0.02328722331137,"ENSMUSG00000055733",54561
"Scd2",0.414423645424943,0.000164102535189449,0.02328722331137,"ENSMUSG00000025203",20250
"Sema3c",0.847870535533466,0.000181026102492206,0.0247630661283032,"ENSMUSG00000028780",20348
"Tmem63a",1.26994961033356,0.000185178379674943,0.0251048974730744,"ENSMUSG00000026519",208795
"Ephb1",0.88114143661332,0.000192114613429817,0.0258147636311358,"ENSMUSG00000032537",270190
"Iqsec3",0.622905951706337,0.000197374273407799,0.0262888681352984,"ENSMUSG00000040797",243621
"Tshz3",-0.783236880881756,0.00022153503504052,0.0285768387781814,"ENSMUSG00000021217",243931
"Dnajb5",-0.599242540780615,0.000231466410715151,0.0292168941837628,"ENSMUSG00000036052",56323
"Usp8",0.371800735462902,0.000232945632766659,0.0292168941837628,"ENSMUSG00000027363",84092
"Itpk1",0.564796649797971,0.000234751125554469,0.0292168941837628,"ENSMUSG00000057963",217837
"Arhgef10",0.802476232769535,0.000236852939599459,0.0292388214217739,"ENSMUSG00000071176",234094
"Cnih3",-0.729368617817857,0.000242941895458836,0.0294462063864148,"ENSMUSG00000026514",72978
"A830018L16Rik",-0.576913887715949,0.000246288465824748,0.0294462063864148,"ENSMUSG00000057715",320492
"Olfr806",-1.07708314932077,0.000255110865400484,0.0297660140203184,"ENSMUSG00000071065",258546
"Shd",0.646128438705761,0.000282382168183113,0.0308466967028229,"ENSMUSG00000039154",20420
"Ptchd1",0.992480214418543,0.000305996488795723,0.0316071475229541,"ENSMUSG00000041552",211612
"Palm",-0.453232087957546,0.000322949026138601,0.032910456462339,"ENSMUSG00000035863",18483
"Endod1",0.559525284638923,0.000343543511925427,0.0339142212038811,"ENSMUSG00000037419",71946
"Tfeb",1.22604489461459,0.000345494939285627,0.0339142212038811,"ENSMUSG00000023990",21425
"Actn1",-0.512623841027895,0.000365306897383672,0.035106455252365,"ENSMUSG00000015143",109711
"Kcns1",-1.44456303524855,0.000387693214847844,0.0358947181356686,"ENSMUSG00000040164",16538
"Zfpm2",-1.17259910379368,0.000395854248567329,0.0362087404231706,"ENSMUSG00000022306",22762
"Cd9",0.686194933452537,0.00040781941349591,0.037079820206718,"ENSMUSG00000030342",12527
"Tspan13",-0.364899460077999,0.000418375123367506,0.0378131421024536,"ENSMUSG00000020577",66109
"Dnajb2",0.493910238217372,0.000429593443015758,0.0380613455172844,"ENSMUSG00000026203",56812
"Auts2",-0.595016350170057,0.000460982413148096,0.0391422074946843,"ENSMUSG00000029673",319974
"Adamts4",1.11126942435504,0.000461436719016628,0.0391422074946843,"ENSMUSG00000006403",240913
"Hrk",-1.06718367546396,0.00046441637118142,0.0391761010001038,"ENSMUSG00000046607",12123
"Pou3f4",0.81043230043763,0.000473518256934742,0.0396878758766501,"ENSMUSG00000056854",18994
"Il33",0.729813213538118,0.000485029708429869,0.0398923037386937,"ENSMUSG00000024810",77125
"Egr3",-0.822093690000917,0.000544336137616136,0.0430479162164761,"ENSMUSG00000033730",13655
"Cacnb1",-0.412788876172892,0.000553886238071231,0.0435762105641118,"ENSMUSG00000020882",12295
"Crym",-1.81433520161733,0.00055983228320659,0.0438169762278807,"ENSMUSG00000030905",12971
"Abat",0.537190798014487,0.000594302966397588,0.0438802131228878,"ENSMUSG00000057880",268860
"Fkbp1a",-0.426453694874706,0.000605468133413009,0.0438802131228878,"ENSMUSG00000032966",14225
"Foxn3",0.501296018430142,0.000619997106208863,0.0441367238375816,"ENSMUSG00000033713",71375
"Slitrk6",1.63368732016588,0.00062006063915348,0.0441367238375816,"ENSMUSG00000045871",239250
"Fosl2",-0.827600042891056,0.000628409659597216,0.0441367238375816,"ENSMUSG00000029135",14284
"Pgbd5",-0.49265258705658,0.000632635826874233,0.0441367238375816,"ENSMUSG00000050751",209966
"Rai2",0.759141130133437,0.000634180449620283,0.0441367238375816,"ENSMUSG00000043518",24004
"Oprk1",0.79317600624414,0.000635430496103522,0.0441367238375816,"ENSMUSG00000025905",18387
"Dtl",-0.613047431516412,0.000667628951423933,0.0449211289096027,"ENSMUSG00000037474",76843
"Tonsl",0.720346478552854,0.000681152796031364,0.0449211289096027,"ENSMUSG00000059323",72749
"Dgkg",-0.787901855566275,0.00075761068053722,0.0471457400544146,"ENSMUSG00000022861",110197
"Elmo2",-0.541491837906098,0.000773158678385084,0.0479169035616291,"ENSMUSG00000017670",140579
"Slc32a1",0.743704549199237,0.000806958364644585,0.0492082562600939,"ENSMUSG00000037771",22348
"Brinp2",-0.593825730201471,0.000814532829501635,0.0492213832093115,"ENSMUSG00000004031",240843
"Mxd3",-1.48160175485413,0.000816898614906908,0.0492213832093115,"ENSMUSG00000021485",17121
"Cpm",0.82716357748741,0.000825992208000332,0.0495725916453638,"ENSMUSG00000020183",70574
"Srgap1",0.757492642528717,0.00085166609482769,0.0502757591861448,"ENSMUSG00000020121",117600
"Itpka",-1.05840655583556,0.000886372277974401,0.0513689949189439,"ENSMUSG00000027296",228550
"Eya1",-1.24565376702428,0.000910662803433304,0.0520278306578965,"ENSMUSG00000025932",14048
"Zic5",-1.5938588449558,0.000966110220401796,0.0542028407109622,"ENSMUSG00000041703",65100
"Ptpn3",-0.790706769333257,0.000971477905002737,0.0542028407109622,"ENSMUSG00000038764",545622
"Nkrf",0.507125381419402,0.000977393776161907,0.0542028407109622,"ENSMUSG00000044149",77286
"Hivep1",0.600824493232878,0.00100004981880905,0.0548813492040686,"ENSMUSG00000021366",110521
"Dusp14",-0.631762890616891,0.00107650138703924,0.0573529721431711,"ENSMUSG00000018648",56405
"Tspan33",-0.57345875112847,0.00108366908509806,0.0575329768815695,"ENSMUSG00000001763",232670
"Dgkk",1.08403186289752,0.00110322590503487,0.0575915533705822,"ENSMUSG00000062393",331374
"Qk",0.395735832779419,0.00111511569355579,0.0575915533705822,"ENSMUSG00000062078",19317
"Opn3",0.960000079702802,0.0011260163201292,0.0578882329613304,"ENSMUSG00000026525",13603
"Clcn6",0.385169667500628,0.00116242891859295,0.0592292640936758,"ENSMUSG00000029016",26372
"Smim1",0.809514991752124,0.00117184098078437,0.0594747330250589,"ENSMUSG00000078350",68859
"Josd1",-0.342662860068281,0.00119552708034804,0.0594747330250589,"ENSMUSG00000022426",74158
"Thop1",-0.58892882886909,0.00120409851766276,0.059553849811698,"ENSMUSG00000004929",50492
"Aspa",1.03829464894244,0.00121778315676962,0.0597410056053185,"ENSMUSG00000020774",11484
"Necab2",-0.419474734349589,0.00121968596796949,0.0597410056053185,"ENSMUSG00000031837",117148
"Slc16a2",-0.750670191123637,0.00124688208369575,0.0601570860919617,"ENSMUSG00000033965",20502
"H2-DMa",-0.65819245452986,0.00129513553956167,0.0611902471830103,"ENSMUSG00000037649",14998
"Ppp1r9b",-0.292591357884642,0.0013066703196092,0.0611902471830103,"ENSMUSG00000038976",217124
"Peli1",-0.453161480945637,0.00131186243917293,0.0611902471830103,"ENSMUSG00000020134",67245
"Lhfpl3",0.753756415812895,0.00131778258883327,0.0611902471830103,"ENSMUSG00000106379",269629
"Dpy19l1",0.47740287574367,0.00133847454092135,0.0615347515607509,"ENSMUSG00000043067",244745
"Vip",-1.77727286254192,0.00138752633465109,0.0619652937215944,"ENSMUSG00000019772",22353
"Cdkl5",-0.441224522943579,0.00139784767844002,0.0622431646610944,"ENSMUSG00000031292",382253
"Kcnv1",-0.980856195764878,0.00145677291846111,0.0636572753899219,"ENSMUSG00000022342",67498
"Ptk2b",-0.686735443836111,0.00146409678572106,0.0636572753899219,"ENSMUSG00000059456",19229
"Olfr801",-1.1364828462957,0.00147181121385613,0.0636572753899219,"ENSMUSG00000058513",258282
"Lrfn1",-0.430383289595984,0.00147208186731051,0.0636572753899219,"ENSMUSG00000030600",80749
"Pacs2",0.509536752014027,0.00147232184255641,0.0636572753899219,"ENSMUSG00000021143",217893
"Gad2",0.642602410483843,0.00147572187416047,0.0636572753899219,"ENSMUSG00000026787",14417
"Zfp503",0.965989537627547,0.0015373287020233,0.0652781017106039,"ENSMUSG00000039081",218820
"S1pr5",1.33661320709012,0.00154571491181074,0.0652781017106039,"ENSMUSG00000045087",94226
"Ctnna1",0.317079348066803,0.0015527460439981,0.0652781017106039,"ENSMUSG00000037815",12385
"Bbs5",-0.465077079604979,0.00155286447106527,0.0652781017106039,"ENSMUSG00000063145",72569
"Fam131a",-0.607360618955293,0.0015533654388568,0.0652781017106039,"ENSMUSG00000050821",78408
"Ppfibp2",1.18634973680721,0.00155628772518695,0.0652781017106039,"ENSMUSG00000036528",19024
"Tmem41a",0.641038555585279,0.00159744199181467,0.0663482546320338,"ENSMUSG00000022856",66664
"Klhl1",0.986876500088312,0.00160252306048668,0.0663482546320338,"ENSMUSG00000022076",93688
"Unc5c",-0.639733217308,0.00163741643521571,0.0664773560222337,"ENSMUSG00000059921",22253
"Vwc2l",0.785626974417203,0.00165857105663123,0.0666698073065105,"ENSMUSG00000045648",320460
"Padi2",0.704154019254408,0.00165971991318895,0.0666698073065105,"ENSMUSG00000028927",18600
"Otud1",-0.499190531809339,0.00187207087960484,0.0715818675445628,"ENSMUSG00000043415",71198
"Rasd1",-1.1975648528571,0.00189043261889948,0.0715818675445628,"ENSMUSG00000049892",19416
"Cthrc1",1.4231010172652,0.00190134836905446,0.0718161035714499,"ENSMUSG00000054196",68588
"Clcn5",0.496143611789797,0.00191392634110431,0.0721051121717658,"ENSMUSG00000004317",12728
"Extl1",-0.67447958708612,0.00194597012871909,0.0725985514360458,"ENSMUSG00000028838",56219
"Adgrb1",-0.39329484833262,0.00195076672066307,0.0725991222709512,"ENSMUSG00000034730",107831
"Zfhx3",0.785693519367404,0.00198510214669338,0.0735409569172577,"ENSMUSG00000038872",11906
"Inpp5a",0.611948703659105,0.00200385986303944,0.0735409569172577,"ENSMUSG00000025477",212111
"Rilpl2",-0.426882573416114,0.00212571584066679,0.0747396015708484,"ENSMUSG00000029401",80291
"Nab2",-0.64877093179135,0.00214111040508453,0.0747396015708484,"ENSMUSG00000025402",17937
"Gpr153",0.662935012838316,0.00216745292271625,0.0747999211082287,"ENSMUSG00000042804",100129
"Neurod1",-1.42552097937926,0.00216846599113369,0.0747999211082287,"ENSMUSG00000034701",18012
"Tbc1d9",0.422793271113576,0.00225004039479185,0.0761654869075499,"ENSMUSG00000031709",71310
"Col4a1",-0.599174138079564,0.0022661436115444,0.0762564474712661,"ENSMUSG00000031502",12826
"Fam185a",-0.708601669625106,0.00226616937677208,0.0762564474712661,"ENSMUSG00000047221",330050
"Chn2",0.77011072940558,0.00228269349648748,0.0763445331512465,"ENSMUSG00000004633",69993
"Phlpp1",0.44122697011073,0.00231381757816083,0.0765424969646929,"ENSMUSG00000044340",98432
"Mpp2",-0.414848542461733,0.00233415209123282,0.0768801851481111,"ENSMUSG00000017314",50997
"Unc13a",-0.445288628194485,0.00242481485974008,0.0777625499151649,"ENSMUSG00000034799",382018
"Cplx3",-1.07227143581493,0.00243042164876612,0.0777625499151649,"ENSMUSG00000039714",235415
"Hgf",-1.62565176216305,0.0024418712846315,0.0777625499151649,"ENSMUSG00000028864",15234
"Oxsr1",0.47960422582091,0.00245332150923308,0.0777625499151649,"ENSMUSG00000036737",108737
"Dlgap2",-0.512353161716125,0.00246768473016599,0.0777625499151649,"ENSMUSG00000047495",244310
"Slc7a4",-0.642381968885469,0.00250477004847804,0.0783109114081011,"ENSMUSG00000022756",224022
"Emx1",-2.51372087243637,0.0025065268008652,0.0783109114081011,"ENSMUSG00000033726",13796
"Pdzrn3",-0.922685566667732,0.00251713263316808,0.078480784193068,"ENSMUSG00000035357",55983
"Mink1",-0.300154366136045,0.00253022969201477,0.0787274746794105,"ENSMUSG00000020827",50932
"Tspan17",0.64869391780466,0.00254775811279914,0.0789493044586573,"ENSMUSG00000025875",74257
"Smad3",-0.741329913509778,0.00258756344636413,0.0795335290882448,"ENSMUSG00000032402",17127
"Eepd1",-0.761065850292738,0.0026876509721243,0.081293411077162,"ENSMUSG00000036611",67484
"Meis2",0.945720088565519,0.0028432725822989,0.0838296133779154,"ENSMUSG00000027210",17536
"Flrt3",0.61902541562465,0.00288330864440552,0.0846541455434214,"ENSMUSG00000051379",71436
"Tsnax",-0.294212979572437,0.00296366706059957,0.0856742123415829,"ENSMUSG00000056820",53424
"Siglech",0.53717147650719,0.00296790277210699,0.0856742123415829,"ENSMUSG00000051504",233274
"Cckbr",-0.488894956056942,0.00298926672492936,0.0859640643017564,"ENSMUSG00000030898",12426
"Frmd6",-0.641377918207885,0.00305993173366084,0.0874906121094272,"ENSMUSG00000048285",319710
"Ptges3l",-0.679016884668108,0.00307696991791406,0.0874906121094272,"ENSMUSG00000097487",73635
"Rtn4r",-0.960095829950128,0.00307860451684462,0.0874906121094272,"ENSMUSG00000043811",65079
"Kcnmb4",-0.369731142740303,0.00308268423857637,0.0874906121094272,"ENSMUSG00000054934",58802
"Pde4d",0.412166175412159,0.00316965570887123,0.088825510719797,"ENSMUSG00000021699",238871
"Nrep",0.496418904361946,0.00319255954843666,0.088825510719797,"ENSMUSG00000042834",27528
"Lhx2",-0.762984555696145,0.00323936036255223,0.089105883596002,"ENSMUSG00000000247",16870
"Cntnap2",0.449820153386072,0.00331809187045914,0.0899434676338901,"ENSMUSG00000039419",66797
"Ptpn14",-1.57437954655536,0.00334471526300794,0.0899800407865768,"ENSMUSG00000026604",19250
"Pdcd7",0.318331281305994,0.00343115340841752,0.0908478951798713,"ENSMUSG00000041837",50996
"Coro1a",-0.489102726073058,0.00343327092851042,0.0908478951798713,"ENSMUSG00000030707",12721
"Spata2l",-0.421243102737771,0.00346505673662145,0.0911844393221146,"ENSMUSG00000033594",78779
"Ybx2",-1.06838355534114,0.00348849934446867,0.0914729991433346,"ENSMUSG00000018554",53422
"Mtmr12",-0.65309683509508,0.00352468430432818,0.0914729991433346,"ENSMUSG00000039458",268783
"Paqr6",0.551219829783612,0.0035262718531827,0.0914729991433346,"ENSMUSG00000041423",68957
"Spink8",-1.76073741618441,0.00353626518026458,0.0914729991433346,"ENSMUSG00000050074",78709
"Plxnd1",-1.1861818998758,0.00356230359614885,0.0918336465261869,"ENSMUSG00000030123",67784
"Kif5b",0.302776168598792,0.00374358341637583,0.09442287474128,"ENSMUSG00000006740",16573
"Epm2aip1",0.27297339344751,0.00376596609590935,0.0947178286762428,"ENSMUSG00000046785",77781
"Tnfaip6",0.586289162763433,0.00380668079611249,0.0952234616279605,"ENSMUSG00000053475",21930
"Kcnj4",-0.727072516031865,0.0038175401906169,0.0953380431814589,"ENSMUSG00000044216",16520
"Nbas",0.430226878422841,0.00383542731385603,0.0953712720897908,"ENSMUSG00000020576",71169
"Nanog",-0.723684474574266,0.00389600023308849,0.0953712720897908,"ENSMUSG00000012396",71950
"Sgpp2",0.681692664017073,0.00389907364163947,0.0953712720897908,"ENSMUSG00000032908",433323
"Shb",0.938943964809576,0.0039249046884205,0.0956593142680206,"ENSMUSG00000044813",230126
"Vmn2r70",-0.630626413116581,0.00400259641466916,0.0965168077534737,"ENSMUSG00000090806",670940
"Plxnb3",1.24107832365246,0.0040069094585258,0.0965168077534737,"ENSMUSG00000031385",140571
"Gpr139",1.22849966284444,0.00408390433542994,0.0965840525617963,"ENSMUSG00000066197",209776
"Mas1",-1.84235349580869,0.00411837510681134,0.0967085228783837,"ENSMUSG00000068037",17171
"Tal1",-1.35149838905736,0.00413257306510765,0.0967356716490376,"ENSMUSG00000028717",21349
"Mpp3",-0.367552352570397,0.00418034413485346,0.0973532904043174,"ENSMUSG00000052373",13384
"Slco3a1",-0.434957401029573,0.00422450564525009,0.0979457197211071,"ENSMUSG00000025790",108116
"Dzank1",0.342694982055198,0.00424940747633696,0.0980592752594231,"ENSMUSG00000037259",241688
"Kif21a",0.261741492262985,0.00426321609211767,0.0980757565207483,"ENSMUSG00000022629",16564
"Cebpzos",-0.487558872670803,0.0043263975752565,0.0983279053822715,"ENSMUSG00000062691",68554
"Dmrtb1",1.55410624853028,0.00439171284007946,0.0992317972675097,"ENSMUSG00000028610",56296
"Cdc42ep2",0.559719541822073,0.00441502519782213,0.0994607220364483,"ENSMUSG00000045664",104252
"Flrt2",0.46332745309221,0.00444695389504641,0.0994607220364483,"ENSMUSG00000047414",399558
"Tmem65",0.7127504830513,0.00450106681564961,0.0994607220364483,"ENSMUSG00000062373",74868
"Gadd45g",-0.583330585467871,0.00451597644484295,0.0994607220364483,"ENSMUSG00000021453",23882
"Egr2",-1.11552131893306,0.0045918749858146,0.0994607220364483,"ENSMUSG00000037868",13654
"Olfr6",-0.917571687457324,0.004598589121005,0.0994607220364483,"ENSMUSG00000036647",233670
"Unc13c",0.414072084630559,0.00462684412973008,0.0995099168071126,"ENSMUSG00000062151",208898
"Rpusd4",0.723108053463189,0.00479080991335761,0.10075298853798,"ENSMUSG00000032044",71989
"Slc44a5",-0.705580016213583,0.0049673484473593,0.102457899825015,"ENSMUSG00000028360",242259
"Ptms",-0.350400082403087,0.00499682152927998,0.102529375811604,"ENSMUSG00000030122",69202
"Fosb",-0.98712707956753,0.00502477730407388,0.102686700652837,"ENSMUSG00000003545",14282
"Pcdh17",-0.614655427424678,0.00507439876797976,0.103127373980762,"ENSMUSG00000035566",219228
"Bhlhe22",-1.62358843215145,0.00510186650061544,0.103426890447724,"ENSMUSG00000025128",59058
"Fscn1",-0.276580432287063,0.00511290653105139,0.103512497023312,"ENSMUSG00000029581",14086
"Erbb3",1.69196281267587,0.00513692595950578,0.103703513638185,"ENSMUSG00000018166",13867
"Ces5a",-1.17954300006711,0.00515649056881122,0.103703513638185,"ENSMUSG00000058019",67935
"Cnih2",-0.372006891547046,0.00524827938730443,0.104927270163108,"ENSMUSG00000024873",12794
"Mical2",-0.614124388967628,0.00536810689020767,0.105993933707299,"ENSMUSG00000038244",320878
"Rtn4rl1",-0.707600700905455,0.00546849450107823,0.107140155489512,"ENSMUSG00000045287",237847
"Lrfn2",-0.442804836101319,0.00566496050847843,0.108654520958592,"ENSMUSG00000040490",70530
"Scrn1",0.311354410818657,0.00566743864625805,0.108654520958592,"ENSMUSG00000019124",69938
"Zfp14",0.56338589594478,0.00567150937241494,0.108654520958592,"ENSMUSG00000053985",243906
"Rin1",-0.785969030956373,0.00570003967897806,0.108867172937865,"ENSMUSG00000024883",225870
"Fut9",0.343193455368186,0.00571909688870642,0.108957047877187,"ENSMUSG00000055373",14348
"Tubgcp5",0.410731423935317,0.00579162372270803,0.109514339483934,"ENSMUSG00000033790",233276
"Trabd2b",-1.3415808303807,0.00582039907158484,0.109648808316308,"ENSMUSG00000070867",666048
"Gadd45b",-0.742191609618263,0.00584661921094874,0.109734321506855,"ENSMUSG00000015312",17873
"Elavl4",0.336468665208078,0.0058709379909864,0.109843919702688,"ENSMUSG00000028546",15572
"Rmi2",-0.396402427656579,0.00589962562077246,0.109843919702688,"ENSMUSG00000037991",223970
"Lmo7",-0.677536595663259,0.00591238537275137,0.109843919702688,"ENSMUSG00000033060",380928
"Msc",-0.820112404152572,0.00594764502848863,0.109843919702688,"ENSMUSG00000025930",17681
"Nap1l5",0.433965648635901,0.00605671252695406,0.110935009661364,"ENSMUSG00000055430",58243
"Olfr597",-0.709136711720615,0.00608005434248204,0.110960991750297,"ENSMUSG00000073952",258135
"Arf5",-0.348958980369073,0.00624693866714486,0.112652632686375,"ENSMUSG00000020440",11844
"Ints10",-0.385106990176319,0.00627345757680064,0.112906816434592,"ENSMUSG00000031864",70885
"Cwf19l2",0.34611228319723,0.00632204397539965,0.113273303940082,"ENSMUSG00000025898",244672
"Car12",-1.59098037354491,0.00633722437886466,0.113273303940082,"ENSMUSG00000032373",76459
"Pik3r2",-0.370511409781589,0.00635959882362306,0.113338202509263,"ENSMUSG00000031834",18709
"Dpysl3",0.352171767822843,0.00645450452923873,0.114318544273222,"ENSMUSG00000024501",22240
"Grb7",2.02897522197734,0.00652823105552975,0.114510420080249,"ENSMUSG00000019312",14786
"Nip7",-0.367502624733617,0.00656310552335147,0.11480897956978,"ENSMUSG00000031917",66164
"Wdr41",0.360057486161601,0.00661279025156802,0.115322311865833,"ENSMUSG00000042015",218460
"Acvr2a",-0.629055972228199,0.00667571800457434,0.115712445412622,"ENSMUSG00000052155",11480
"Jrkl",0.491144843173739,0.00674702133761035,0.116048847655189,"ENSMUSG00000079083",77532
"Nkx6-2",0.973379038481141,0.0068799589749106,0.116775752471867,"ENSMUSG00000041309",14912
"Tesc",-0.523310292585342,0.00689087685819234,0.116775752471867,"ENSMUSG00000029359",57816
"Tsc22d4",0.321820826293488,0.00693742783839449,0.117172307339468,"ENSMUSG00000029723",78829
"Nectin1",-0.677110272924072,0.00703401390273326,0.117253355035218,"ENSMUSG00000032012",58235
"Rasal2",-0.353863889413924,0.00706547166364623,0.117253355035218,"ENSMUSG00000070565",226525
"Nr4a3",-0.925862677482562,0.00712440423669125,0.117583645576,"ENSMUSG00000028341",18124
"Slc2a3",-0.310996003769811,0.00714310711177659,0.117764319636499,"ENSMUSG00000003153",20527
"Mipol1",0.576850103269036,0.00722811332565028,0.118605054067335,"ENSMUSG00000047022",73490
"St3gal5",-0.25400599622135,0.00723273933265187,0.118605054067335,"ENSMUSG00000056091",20454
"Dock10",0.429212660540822,0.00725940702879318,0.118605054067335,"ENSMUSG00000038608",210293
"Sertad1",-0.558002599780606,0.007276978636493,0.118605054067335,"ENSMUSG00000008384",55942
"Kif26a",0.891213338970795,0.00729564808343591,0.118605054067335,"ENSMUSG00000021294",668303
"Wipf1",0.610320922820145,0.0073790277220944,0.119194847800299,"ENSMUSG00000075284",215280
"Tox3",-0.824490926212497,0.00751379551015854,0.120275105276415,"ENSMUSG00000043668",244579
"Atp1b3",0.317121600718576,0.00751470961026454,0.120275105276415,"ENSMUSG00000032412",11933
"Htr3a",-1.56239352244915,0.00764997039960451,0.121249635227135,"ENSMUSG00000032269",15561
"Gin1",0.383375752535911,0.00773833615357355,0.122150995184604,"ENSMUSG00000026333",252876
"Scarb2",0.351364736023037,0.00780926187943956,0.122603343484106,"ENSMUSG00000029426",12492
"Eps15",0.263303739760627,0.00781249816352737,0.122603343484106,"ENSMUSG00000028552",13858
"Neurod2",-1.29688520936713,0.00784842267298148,0.122603343484106,"ENSMUSG00000038255",18013
"Actr3b",-0.385357185669243,0.00816366123170836,0.12444192054564,"ENSMUSG00000056367",242894
"Lbh",0.490877222892519,0.00820648501873678,0.124607268524499,"ENSMUSG00000024063",77889
"Cldn3",-2.02906712873738,0.00828144369139531,0.125619821188957,"ENSMUSG00000070473",12739
"Zic2",-1.21006220882243,0.00832925257381185,0.125967501076453,"ENSMUSG00000061524",22772
"Fos",-0.558037580047366,0.00854806332391213,0.128128127848254,"ENSMUSG00000021250",14281
"Sash1",0.347470705961329,0.00861818382637206,0.12905177832311,"ENSMUSG00000015305",70097
"Nts",0.893626930368565,0.00864497892890505,0.129198189031983,"ENSMUSG00000019890",67405
"Tmem125",1.17886597305519,0.00880061836796067,0.130369355413771,"ENSMUSG00000050854",230678
"Nptxr",-0.958114280477817,0.00889127728993288,0.130731688225362,"ENSMUSG00000022421",73340
"Abca1",0.469950520740649,0.00898837387172165,0.131230258527136,"ENSMUSG00000015243",11303
"Wasf1",-0.605246865403219,0.00908442855620956,0.131773124708951,"ENSMUSG00000019831",83767
"Magee1",0.275157248042922,0.00908630542480711,0.131773124708951,"ENSMUSG00000031227",107528
"Cdc42se2",-0.269784283553721,0.0091087144125486,0.131972060725322,"ENSMUSG00000052298",72729
"Nptx1",-0.911082688780477,0.00929929333913058,0.133459801570282,"ENSMUSG00000025582",18164
"C1qtnf4",-0.452375621233343,0.00936983786605075,0.133965742145117,"ENSMUSG00000040794",67445
"Gabrd",-0.980243239741253,0.00940685526307487,0.134242190145234,"ENSMUSG00000029054",14403
"Neto2",0.431588233247351,0.00944072799613126,0.134473247629985,"ENSMUSG00000036902",74513
"Mcam",0.853705931172968,0.00947618380954189,0.134473247629985,"ENSMUSG00000032135",84004
"Gna12",0.482648500136178,0.00952699047860937,0.13505378859294,"ENSMUSG00000000149",14673
"Washc2",0.262031356333969,0.00954377734195369,0.13505378859294,"ENSMUSG00000024104",28006
"Reln",-0.765374289188413,0.0101268779363149,0.140539793836341,"ENSMUSG00000042453",19699
"Ncoa3",0.451560349126918,0.010383909977223,0.142558127571568,"ENSMUSG00000027678",17979
"Arhgef10l",0.556729632531346,0.0106666413855252,0.145257652733466,"ENSMUSG00000040964",72754
"Zkscan17",0.675459104793106,0.0112180777748939,0.149834426830654,"ENSMUSG00000020472",268417
"Hcrt",-2.64859930488542,0.0112313946592289,0.149834426830654,"ENSMUSG00000045471",15171
"Dip2a",0.390412299083516,0.0115390090140637,0.151695062128337,"ENSMUSG00000020231",64451
"Dennd4b",0.442837455049228,0.0115690771497735,0.151696776720346,"ENSMUSG00000042404",229541
"Cept1",0.331444520856467,0.0117835613803763,0.15362795731396,"ENSMUSG00000040774",99712
"Lpl",-0.673022025917734,0.0120069763496724,0.155160790547596,"ENSMUSG00000015568",16956
"Mef2c",-0.663549230713715,0.0120733101793242,0.155197197677227,"ENSMUSG00000005583",17260
"Arnt2",0.29392654574464,0.0122236488885325,0.156325768521497,"ENSMUSG00000015709",11864
"Kctd8",0.608807586991674,0.0123919484187834,0.157061222696834,"ENSMUSG00000037653",243043
"Camkk2",-0.428327243488675,0.012635522969204,0.158429216155569,"ENSMUSG00000029471",207565
"Dlec1",-0.769269021716535,0.0128567997055936,0.159521478918717,"ENSMUSG00000038060",320256
"Ceacam1",-0.491314331704104,0.0129659118477035,0.15991086213321,"ENSMUSG00000074272",26365
"Clasrp",0.255665390404687,0.012967305167503,0.15991086213321,"ENSMUSG00000061028",53609
"Plcxd3",0.421019251462621,0.0130902549830561,0.160117793922921,"ENSMUSG00000049148",239318
"Rilpl1",-0.529729110494205,0.0132667726612239,0.160768296957721,"ENSMUSG00000029392",75695
"Plekhg3",0.427283773853236,0.0133250675817843,0.160960880001443,"ENSMUSG00000052609",263406
"Bean1",0.350883072610371,0.0134316752764466,0.161990911356287,"ENSMUSG00000031872",65115
"Pitpnm2",-0.464737067678139,0.013488352408783,0.162287751961142,"ENSMUSG00000029406",19679
"Sv2c",0.569565632445404,0.0135200765549353,0.162361759723335,"ENSMUSG00000051111",75209
"Amph",-0.29597103730008,0.0136180575190195,0.162816208951805,"ENSMUSG00000021314",218038
"Strn",0.30296886079715,0.0136695393775094,0.163174753072408,"ENSMUSG00000024077",268980
"Tmem254a",1.27597445854724,0.0137157225451106,0.16355237517425,"ENSMUSG00000072676",66039
"Pld4",0.804471903695253,0.0137227164101683,0.16355237517425,"ENSMUSG00000052160",104759
"Grap",-0.558309729770095,0.013829823783548,0.164056284632339,"ENSMUSG00000004837",71520
"Mybpc1",-2.95279469944867,0.013947203885506,0.164166157982576,"ENSMUSG00000020061",109272
"Nfix",-0.586867624395079,0.0140013516010643,0.164633100175647,"ENSMUSG00000001911",18032
"Kat2b",0.583871890888156,0.0141602368193398,0.165518888271636,"ENSMUSG00000000708",18519
"Socs2",-0.538615722975267,0.0143336287396833,0.166520136789098,"ENSMUSG00000020027",216233
"Sprn",-0.471371364156774,0.0145489389397718,0.167483767142908,"ENSMUSG00000045733",212518
"Dlgap3",-0.360544794954419,0.0146069632370394,0.167897145943381,"ENSMUSG00000042388",242667
"Fam169a",0.267503260585257,0.0152198898941575,0.170345137493381,"ENSMUSG00000041817",320557
"Cep290",0.294097313231917,0.0155092042041159,0.171891793164449,"ENSMUSG00000019971",216274
"Herpud1",0.337265504380342,0.0157403640485403,0.173440992534859,"ENSMUSG00000031770",64209
"Ptgs2",-1.31273822130907,0.0158620752664567,0.173857861120663,"ENSMUSG00000032487",19225
"Zfp189",-0.725764782265435,0.0158729458266153,0.173857861120663,"ENSMUSG00000039634",230162
"Sphk2",0.358717359345947,0.0158812469292914,0.173857861120663,"ENSMUSG00000057342",56632
"Vat1l",0.555711816851273,0.0159357139075926,0.173985564835777,"ENSMUSG00000046844",270097
"R3hdm4",-0.217576604296196,0.0159643009610726,0.173985564835777,"ENSMUSG00000035781",109284
"Itih5",0.382881061492458,0.0159648554883625,0.173985564835777,"ENSMUSG00000025780",209378
"Cacnb3",-0.355744222282576,0.0161752179254205,0.174807479700773,"ENSMUSG00000003352",12297
"Ski",-0.309763756824194,0.0166009448802212,0.17751320215583,"ENSMUSG00000029050",20481
"Lsamp",-0.332857979094017,0.0167366390354901,0.178413086853181,"ENSMUSG00000061080",268890
"Tshz2",0.567194968469042,0.0167556020714329,0.178413086853181,"ENSMUSG00000047907",228911
"Cxadr",-0.446208927326056,0.0168298033221996,0.178952194428767,"ENSMUSG00000022865",13052
"Prdm8",-1.14148775438499,0.0168774007976515,0.179082078065367,"ENSMUSG00000035456",77630
"Pcdhb21",0.739832474256447,0.0169231858199543,0.17944249545404,"ENSMUSG00000044022",93892
"Olfr1316",-0.794296962042629,0.0174157033624849,0.182876929360975,"ENSMUSG00000109801",258737
"2610044O15Rik8",0.303110776969046,0.0175952297299292,0.184056972903952,"ENSMUSG00000071302",72139
"Palmd",-0.613633195993886,0.0177052530590942,0.18451376969752,"ENSMUSG00000033377",114301
"Avl9",0.245062177605789,0.0179043996701433,0.18582392658336,"ENSMUSG00000029787",78937
"Nsmf",-0.404611975588601,0.0180528344273866,0.186472270711182,"ENSMUSG00000006476",56876
"Wipf3",-0.658116238815067,0.0182559363546935,0.187283476331212,"ENSMUSG00000086040",330319
"Runx1t1",0.534322633086909,0.0182670461305667,0.187283476331212,"ENSMUSG00000006586",12395
"Tex15",-1.07529181249725,0.0184079589251371,0.187714203035112,"ENSMUSG00000009628",104271
"Fam187b",-0.591803138784882,0.0185263130057043,0.188667697302894,"ENSMUSG00000046826",76415
"Lrrc73",-0.371405519209476,0.0189155149417657,0.191190934876987,"ENSMUSG00000071073",224813
"Kitl",-0.704988344556064,0.0192453250587825,0.193012559902611,"ENSMUSG00000019966",17311
"Cpeb3",0.243498372326157,0.0193403571365227,0.193709751161584,"ENSMUSG00000039652",208922
"Bmper",0.731083159945055,0.0198668789871984,0.19626219716998,"ENSMUSG00000031963",73230
"Pfkl",-0.244449035311579,0.0198870568301989,0.19626219716998,"ENSMUSG00000020277",18641
"Usp37",-0.269640795291654,0.020059976918106,0.197018557260364,"ENSMUSG00000033364",319651
"Erc2",-0.368751287947226,0.0205030249246891,0.198611466835211,"ENSMUSG00000040640",238988
"Znrf3",-0.353613287599157,0.0205059157147952,0.198611466835211,"ENSMUSG00000041961",407821
"Arsj",-1.22351185396209,0.0206437137779069,0.198911429176069,"ENSMUSG00000046561",271970
"Igdcc3",0.899707503345169,0.0208209356515759,0.19978998917762,"ENSMUSG00000032394",19289
"Hook2",-0.327122977629345,0.0209454484749908,0.200044673598897,"ENSMUSG00000052566",170833
"Ankrd33b",-0.537952959181267,0.0211455370418837,0.200814495138438,"ENSMUSG00000022237",67434
"Gabra4",-0.2541902881536,0.021309339539761,0.201366290637473,"ENSMUSG00000029211",14397
"Robo3",-1.54896222939239,0.0215339808812992,0.20220900785507,"ENSMUSG00000032128",19649
"Gm42517",-0.355883209419169,0.0216023706353008,0.202368815843858,"ENSMUSG00000105867",115490131
"Pcsk2",-0.283330930439793,0.0217202053030283,0.203078569779053,"ENSMUSG00000027419",18549
"Inhba",-0.591394372676406,0.0218837808505228,0.203355770155654,"ENSMUSG00000041324",16323
"Kank4",1.03808894849425,0.0219361552911371,0.203717787119649,"ENSMUSG00000035407",242553
"Pkig",-0.295743067413439,0.0224213797299068,0.205211711765464,"ENSMUSG00000035268",18769
"Cldn12",0.333195107986329,0.0224566049154472,0.205219902365943,"ENSMUSG00000046798",64945
"Pex6",-0.428164483710849,0.0224779578085371,0.205219902365943,"ENSMUSG00000002763",224824
"Bysl",-0.300703015088027,0.0225463837535423,0.205365501447982,"ENSMUSG00000023988",53414
"Lingo1",-0.451809298986104,0.0226566598698698,0.205735590699645,"ENSMUSG00000049556",235402
"Kcnk12",-1.3026263709964,0.0229207088263804,0.206676934213151,"ENSMUSG00000050138",210741
"Dab2ip",0.351316144427548,0.0232225565689922,0.207662720225899,"ENSMUSG00000026883",69601
"Ccnjl",-1.4344115040758,0.023397568789572,0.208246591149391,"ENSMUSG00000044707",380694
"Plpp6",-0.389110621514739,0.0234274537319547,0.208309349199761,"ENSMUSG00000040105",74411
"Tmem42",-0.287857012000044,0.0235364341680485,0.208870377795236,"ENSMUSG00000066233",66079
"B3galt1",0.35120997344047,0.0245793849764291,0.213215230882049,"ENSMUSG00000034780",26877
"Myo10",0.29114426442615,0.0247441183374262,0.214188955136139,"ENSMUSG00000022272",17909
"Syt17",-0.585083408042902,0.0252503332102856,0.216278571145025,"ENSMUSG00000058420",110058
"Bmp3",-0.596377548911006,0.025628024454284,0.218003318383108,"ENSMUSG00000029335",110075
"Car4",-0.623557223408383,0.0257335795923268,0.218289761189883,"ENSMUSG00000000805",12351
"Nfib",-0.676156549256344,0.0259337199343007,0.218886939123081,"ENSMUSG00000008575",18028
"Prmt8",-0.444740573659189,0.0260829401981727,0.219373470717078,"ENSMUSG00000030350",381813
"Rapgef5",-0.569489652724528,0.0261069455733509,0.219373470717078,"ENSMUSG00000041992",217944
"Pxdn",-0.446000989392644,0.0261291858354804,0.219438914671424,"ENSMUSG00000020674",69675
"Osbpl3",0.495530894206483,0.0262468011272979,0.219972195895636,"ENSMUSG00000029822",71720
"Spn",-0.69314543496974,0.0262897561376953,0.219972195895636,"ENSMUSG00000051457",20737
"Gfod1",-0.360373492618319,0.0268618670063794,0.222758377184525,"ENSMUSG00000051335",328232
"Arpc3",-0.304215706564126,0.0268831727540276,0.22281337068622,"ENSMUSG00000029465",56378
"Cox6a2",-0.662194621402676,0.0270154290801242,0.223292166646767,"ENSMUSG00000030785",12862
"Arpc5",-0.362397596160077,0.0270600666124594,0.223292166646767,"ENSMUSG00000008475",67771
"Xlr3b",-1.06510429409294,0.0275627758067559,0.225337332320396,"ENSMUSG00000073125",574437
"Agfg2",-0.314321404126813,0.0275948484718181,0.225390091014571,"ENSMUSG00000029722",231801
"Tbc1d8",0.425509645430266,0.0276999348979133,0.225798207424314,"ENSMUSG00000003134",54610
"E130308A19Rik",0.317507902883092,0.0280930079382298,0.227656183557137,"ENSMUSG00000045071",230259
"Rab22a",0.223572273368061,0.0282308110939245,0.228286742008778,"ENSMUSG00000027519",19334
"Sfrp5",0.571969959271296,0.0282944223809898,0.228447466561755,"ENSMUSG00000018822",54612
"Abcc8",0.396836802092924,0.028730711734179,0.230331112445498,"ENSMUSG00000040136",20927
"Homer1",-0.315818253508011,0.0289535607133691,0.231072315474561,"ENSMUSG00000007617",26556
"Zfp804b",0.691490796626481,0.0289941244791004,0.231100675113207,"ENSMUSG00000092094",207618
"Meis1",0.552867112954151,0.0290957861167395,0.231546339830489,"ENSMUSG00000020160",17268
"Pik3ca",0.220507495398986,0.0292786942805585,0.232392939861997,"ENSMUSG00000027665",18706
"Zdhhc6",0.267019148963393,0.029381966025544,0.232817033702258,"ENSMUSG00000024982",66980
"Pcsk5",-0.506650420482069,0.0297611631674,0.234384596231225,"ENSMUSG00000024713",18552
"Rbmx2",0.651469631467962,0.0300134408029059,0.235394672082295,"ENSMUSG00000031107",209003
"Ppp1r1a",-0.325710666283692,0.0301481934418247,0.235952700790334,"ENSMUSG00000022490",58200
"Slc7a8",-0.486340239192528,0.0302275893618213,0.236020074083505,"ENSMUSG00000022180",50934
"Jdp2",-0.412477180254233,0.0305383683542388,0.23694153555992,"ENSMUSG00000034271",81703
"Dusp5",-0.770325076924048,0.0309056955612941,0.238157034016152,"ENSMUSG00000034765",240672
"Slc25a22",-0.304196722394312,0.030947432619472,0.238157034016152,"ENSMUSG00000019082",68267
"Epb41l2",0.296904640348164,0.0310617122474475,0.238564005445242,"ENSMUSG00000019978",13822
"Numb",-0.425902597828279,0.0310779246182035,0.238567850051973,"ENSMUSG00000021224",18222
"Col14a1",0.903492929880911,0.0313163018531692,0.23991257686101,"ENSMUSG00000022371",12818
"Mycn",-0.57178170639413,0.031339554225424,0.23996963759901,"ENSMUSG00000037169",18109
"Pbx3",0.675221685940808,0.0313906344157278,0.240103305980052,"ENSMUSG00000038718",18516
"Tsc22d1",-0.225524049276247,0.0321131952310277,0.242507009507676,"ENSMUSG00000022010",21807
"Fezf2",-1.0164087118891,0.0325863792579684,0.243549919997928,"ENSMUSG00000021743",54713
"Tfpt",0.379019925487487,0.0329825640393143,0.244893521942762,"ENSMUSG00000006335",69714
"Cxxc4",0.364830748131094,0.0331349752342588,0.245425104369262,"ENSMUSG00000044365",319478
"Kcnd2",0.242216717184261,0.0331567292290375,0.245466492741933,"ENSMUSG00000060882",16508
"Olfm1",-0.514821161876151,0.0332892570708568,0.245597792327573,"ENSMUSG00000026833",56177
"Tjp2",0.398681449853306,0.0334645067845738,0.245827320279133,"ENSMUSG00000024812",21873
"Tlcd1",0.382837025887139,0.0336154202231809,0.246458976662858,"ENSMUSG00000019437",68385
"Gmeb2",-0.518659462841292,0.034564922643616,0.249801896916071,"ENSMUSG00000038705",229004
"Ppp1r3f",0.355991844570695,0.0348088716677279,0.250254691005104,"ENSMUSG00000039556",54646
"Adcyap1r1",0.241036157028753,0.0348488931268728,0.250423849142658,"ENSMUSG00000029778",11517
"Slc16a1",0.442860694191284,0.0350918125557228,0.250745450280515,"ENSMUSG00000032902",20501
"Nfil3",-0.430151780228187,0.0352017793669344,0.251058627481227,"ENSMUSG00000056749",18030
"Qtrt1",-0.441114064373867,0.0355426227617938,0.251489170687698,"ENSMUSG00000002825",60507
"Zdhhc14",-0.318403680682738,0.0355437144557297,0.251489170687698,"ENSMUSG00000034265",224454
"Tiparp",-0.422746914029756,0.0355846452788202,0.251661506247604,"ENSMUSG00000034640",99929
"Cst6",-0.433726939317637,0.035696528106124,0.251920131934706,"ENSMUSG00000024846",73720
"Cdc5l",0.241039314245626,0.0356979681668632,0.251920131934706,"ENSMUSG00000023932",71702
"Aatf",-0.461767740180408,0.0361005578347957,0.252953793338042,"ENSMUSG00000018697",56321
"Nhsl1",-0.616243153817768,0.0362995633467132,0.253752777300595,"ENSMUSG00000039835",215819
"Ramp1",-0.370892857916274,0.036470836027313,0.254140970279358,"ENSMUSG00000034353",51801
"Rnpc3",0.222267563480678,0.0365275012754258,0.254302420617178,"ENSMUSG00000027981",67225
"Nudt16l1",-0.27451653526335,0.0366623015949671,0.254657084820668,"ENSMUSG00000022516",66911
"Erich3",0.352949699327555,0.0367364452252671,0.254670894225934,"ENSMUSG00000078161",209601
"Pde2a",-0.509350475450729,0.0368848225639014,0.255054318482854,"ENSMUSG00000110195",207728
"Grhl2",-0.518846252953345,0.0371924615216338,0.256229734911292,"ENSMUSG00000022286",252973
"Hhipl1",0.49062981173461,0.0372476215823408,0.256410892306807,"ENSMUSG00000021260",214305
"Ccdc163",0.47023159155421,0.0374128910177257,0.257010279389188,"ENSMUSG00000028689",68394
"Plcd1",-0.729315100870555,0.0375088484886776,0.257189867836744,"ENSMUSG00000010660",18799
"Slc30a3",-1.12815894447056,0.0376101938206171,0.257337786619401,"ENSMUSG00000029151",22784
"Nrarp",0.417101237345756,0.0377067559044549,0.257436772326099,"ENSMUSG00000078202",67122
"Fmnl1",-0.353181536137749,0.0378352260343829,0.2577959051211,"ENSMUSG00000055805",57778
"Ano2",-0.882406325069542,0.0378770331744449,0.257903529919628,"ENSMUSG00000038115",243634
"Lims1",0.426206964225954,0.038278072518804,0.259053311230123,"ENSMUSG00000019920",110829
"Igf1r",-0.394650330562171,0.0386057847206928,0.260182083976476,"ENSMUSG00000005533",16001
"Rbm17",0.216732396014023,0.0388484359006557,0.260392389996681,"ENSMUSG00000037197",76938
"Fbln5",1.26091470590761,0.0388820071012701,0.260425406186892,"ENSMUSG00000021186",23876
"Prrg1",0.403329455260889,0.0389860881699669,0.26078974013186,"ENSMUSG00000047996",546336
"Pin1",-0.26847147308495,0.0394264482276546,0.263027763571488,"ENSMUSG00000032171",23988
"Runx1",0.570615814374534,0.0394661344267385,0.263061363097277,"ENSMUSG00000022952",12394
"Agbl3",-0.383657074254097,0.0399534892283263,0.264971392244439,"ENSMUSG00000038836",76223
"Ociad2",-0.269752689757411,0.0399620974868128,0.264971392244439,"ENSMUSG00000029153",433904
"Ltbp3",0.330935707569505,0.0403836338289691,0.266965958831159,"ENSMUSG00000024940",16998
"Lig1",0.34297071821436,0.0405392783297961,0.267066030414604,"ENSMUSG00000056394",16881
"P4htm",-0.223631911861132,0.0405965450260488,0.267066030414604,"ENSMUSG00000006675",74443
"Agap1",0.202213310887956,0.0409298088514591,0.267865902300359,"ENSMUSG00000055013",347722
"Prss12",-0.59709044779534,0.0410267360375589,0.267865902300359,"ENSMUSG00000027978",19142
"Zfp608",0.235661621764223,0.0410755904912221,0.267865902300359,"ENSMUSG00000052713",269023
"Dzip1",0.201486540527739,0.0413010075736809,0.268456549228926,"ENSMUSG00000042156",66573
"Mid1ip1",0.243685853947968,0.0423501994408148,0.271900815352783,"ENSMUSG00000008035",68041
"Nbl1",-0.755599157424979,0.0426239642688341,0.272993783224394,"ENSMUSG00000041120",17965
"Lrg1",-1.45051822992866,0.0433496179322021,0.275665677917591,"ENSMUSG00000037095",76905
"Nphp4",-0.356758205813132,0.0435176956956697,0.27619494921644,"ENSMUSG00000039577",260305
"Fam13a",0.546162821157492,0.0436295350161744,0.276433963921581,"ENSMUSG00000037709",58909
"Rasl11a",-0.706839259322442,0.0436388442781895,0.276433963921581,"ENSMUSG00000029641",68895
"Sez6",-0.345519860704469,0.0442547425821077,0.277751697385597,"ENSMUSG00000000632",20370
"Cux1",0.253950535641414,0.0442626586400142,0.277751697385597,"ENSMUSG00000029705",13047
"Fuz",-0.477378649682545,0.0442646260954156,0.277751697385597,"ENSMUSG00000011658",70300
"Nptx2",-0.686520377384708,0.0454078948841763,0.28095903664276,"ENSMUSG00000059991",53324
"Kcnc4",-0.405712968696275,0.045504132261229,0.281210722122304,"ENSMUSG00000027895",99738
"Ccdc74a",-0.407290902499535,0.0460411275067888,0.282787775142745,"ENSMUSG00000041617",72315
"Smoc1",-0.639493727778851,0.0463834644120847,0.283529196309619,"ENSMUSG00000021136",64075
"1700066B19Rik",0.938224927395316,0.0465925567986539,0.284006978093441,"ENSMUSG00000073598",73449
"Vmn1r167",-0.914722941695615,0.0466387253135657,0.28404722511115,"ENSMUSG00000090715",622032
"Cnnm2",0.280838508458324,0.0473707612161469,0.285779674235677,"ENSMUSG00000064105",94219
"Lyst",-0.347804670106667,0.0477798748284335,0.287095219388577,"ENSMUSG00000019726",17101
"Vmn2r10",-0.403412827763365,0.0481520599627378,0.287640057201915,"ENSMUSG00000067010",22307
"Rab33a",-0.42194221149079,0.0481874261715815,0.287640057201915,"ENSMUSG00000031104",19337
"Phkb",0.275112789475777,0.0481925912487929,0.287640057201915,"ENSMUSG00000036879",102093
"Synb",-0.336732681855652,0.0484677628450795,0.288388245406791,"ENSMUSG00000047977",239167
"Gfra1",0.375377511126036,0.0491976234692009,0.289975743930737,"ENSMUSG00000025089",14585
"Mab21l1",1.26413519173987,0.0493670736970184,0.290109101666398,"ENSMUSG00000056947",17116
"Cfap36",0.295508431552187,0.0498205695651293,0.291361542041633,"ENSMUSG00000020462",216618
