"ID","Description","GeneRatio","BgRatio","pvalue","p.adjust","qvalue","geneID","Count","module"
"GO:0032535","regulation of cellular component size",0.0552884615384615,0.0136392031651281,1.81121273370039e-08,6.58375828700092e-05,5.43935782026023e-05,"Ifrd1/Atp5g1/Arpc2/Gdi1/Dstn/Wnt7b/Ap2m1/Bin1/Aatk/Capzb/Cdk5/Mt3/Pik3r2/Rpl4/Dnm2/Lrp1/Rtn4r/Carmil2/Lamtor4/Chmp3/Cfl1/Arhgap35/Arpc4",23,"red"
"GO:0070997","neuron death",0.0528846153846154,0.0152009439855626,5.1693305110712e-07,0.000740181948259969,0.000611522217732771,"Ppp5c/Hdgf/Ube2m/Atp5g1/Bcl2l1/Tmem259/Psmc1/Ralbp1/Bad/Aatk/Hras/Slc9a1/Cdk5/Diablo/Mt3/Mt1/Zpr1/Sncb/Vstm2l/Lrp1/Gapdh/Srpk2",22,"red"
"GO:1903829","positive regulation of protein localization",0.0528846153846154,0.0170403276185188,3.36528014825524e-06,0.00152909916736348,0.00126330845565424,"Pcnt/Rab34/Abhd17a/Prkaca/Arpc2/Sqstm1/Bad/Gnl3l/Hras/Anp32b/Cdk5/Rer1/Prkcz/Pik3r2/Zpr1/Oaz1/Mcrs1/Lrp1/Oaz2/Nlgn2/Cfl1/B3gat3",22,"red"
"GO:0001558","regulation of cell growth",0.0504807692307692,0.0159991670715624,4.35692634655274e-06,0.00158374272697192,0.00130845377544368,"Ifrd1/Atp5g1/Nf2/Gdi1/Aatk/Adam15/Ncbp1/Slc9a1/Cdk5/Lamtor1/Mt3/Rpl4/Dnm2/Exosc4/Sbf1/Lrp1/Rtn4r/Cfl1/Map2k5/Cacng7/Ccdc85b",21,"red"
"GO:0006091","generation of precursor metabolites and energy",0.0480769230769231,0.0151315332824322,6.6397787977267e-06,0.00184755716812227,0.0015264115255637,"Prkaca/Git1/Lyrm7/Pfkl/Prelid1/Ogdhl/Atp5o/Taldo1/Uqcrc1/Vcp/Mt3/Pgls/Mpi/Zbtb7a/Coa8/Stk40/Cox17/Mtln/Gapdh/Chchd2",20,"red"
"GO:0022411","cellular component disassembly",0.0456730769230769,0.0148191851183452,1.71968369495619e-05,0.00311551224005155,0.00257396841261625,"Arpc2/Sqstm1/Dstn/Cdc37/Stmn4/Snap29/Mrrf/Map1lc3a/Vcp/Capzb/Cdk5/Gabarapl1/Gabarapl2/Lix1/Carmil2/Grwd1/Cfl1/Gspt1/Eif5a",19,"red"
"GO:0031346","positive regulation of cell projection organization",0.0456730769230769,0.0153744707433886,2.84632122921475e-05,0.00383199172896135,0.00316590817424939,"Atp5g1/Arpc2/Gprc5b/Gdi1/Scn1b/Sf3a2/Ppp2r5b/Hras/Ppp1r35/Rpl4/Fbxw8/Dnm2/Map2k2/Lrp1/Carmil2/Cfl1/Arhgap35/Ap2a1/Stk24",19,"red"
"GO:0006397","mRNA processing",0.0456730769230769,0.0163809259387798,6.65199337452122e-05,0.00561564795373106,0.00463952613103445,"Paf1/Prkaca/Sf3a2/Prpf4b/Pcbp4/Ncl/Ncbp1/Dhx15/Zpr1/Coil/Zbtb7a/Scaf1/Rprd1a/Hnrnpc/Srpk2/Sf3b4/Dazap1/Snrpe/Snrpn",19,"red"
"GO:1901214","regulation of neuron death",0.0432692307692308,0.0136044978135629,1.88559200223203e-05,0.00311551224005155,0.00257396841261625,"Ppp5c/Hdgf/Ube2m/Atp5g1/Bcl2l1/Tmem259/Psmc1/Ralbp1/Bad/Hras/Cdk5/Mt3/Mt1/Zpr1/Sncb/Vstm2l/Lrp1/Srpk2",18,"red"
"GO:0022613","ribonucleoprotein complex biogenesis",0.0432692307692308,0.0140903727354758,2.99317596977258e-05,0.00388578380361547,0.00321035001569968,"Sf3a2/Mrpl36/Gnl3l/Rps24/Ncl/Ncbp1/Ercc2/Coil/Exosc4/Rps2/Fbl/Nsa2/Srpk2/Rps28/Utp3/Eif2s2/Pin4/Snrpe",18,"red"
"GO:0072594","establishment of protein localization to organelle",0.0432692307692308,0.01478447976678,5.57454192605655e-05,0.00506586497530389,0.00418530739869456,"Pex6/Tomm40/Pex19/Sqstm1/Agap3/Bag6/Aip/Nabp2/Sec61a1/Zfand6/Pik3r2/Zpr1/Elavl1/Get3/Cfl1/Romo1/Cacng7/Rab7",18,"red"
"GO:0043254","regulation of protein-containing complex assembly",0.0432692307692308,0.0148885958214757,6.09727262261068e-05,0.00533501670892693,0.00440767470370478,"Arpc2/Git1/Ttbk1/Ncln/Wars/Bin1/Ppp2r5b/Gnl3l/Vcp/Capzb/Prkcz/Pik3r2/Lcat/Eml2/Carmil2/Mtln/Cfl1/Arpc4",18,"red"
"GO:0016570","histone modification",0.0432692307692308,0.0171791490247796,0.000355044859025101,0.0171648530527058,0.0141812280487569,"Ppp5c/Paf1/Hdac5/Vps72/Setd4/Cdk5/Ppp4c/Brd7/Mt3/Nfyc/Ctbp1/Mcrs1/Taf10/Fbl/Usp21/Znhit1/Atxn7l3/Suds3",18,"red"
"GO:0006605","protein targeting",0.0408653846153846,0.00971749843825918,8.00007041121129e-07,0.000740181948259969,0.000611522217732771,"Pex6/Tomm40/Pex19/Arpc2/Zdhhc24/Gdi1/Ywhab/Bag6/Aip/Hras/Cdk5/Sec61a1/Zfand6/Zdhhc7/Get3/Romo1/Rab7",17,"red"
"GO:1990778","protein localization to cell periphery",0.0408653846153846,0.0128409800791282,3.17794871385405e-05,0.00394261709482385,0.00325730444408382,"Rab34/Bcl2l1/Git1/Sqstm1/Atp6ap1/Stx7/Ap2m1/Hras/Cdk5/Rer1/Prkcz/Nsg1/Zdhhc7/Pik3r2/Lrp1/Cacng7/Rab7",17,"red"
"GO:0019693","ribose phosphate metabolic process",0.0408653846153846,0.0130492121885195,3.88569490483151e-05,0.00441390655595705,0.00364667354061984,"Gmpr/Nudt14/Atp5g1/Bcl2l1/Git1/Pfkl/Atp5o/Bad/Acsl5/Nme7/Vcp/Ak2/Nt5c3/Mpi/Zbtb7a/Gapdh/Atp5g2",17,"red"
"GO:0006979","response to oxidative stress",0.0408653846153846,0.0141944887901714,0.000108738862682932,0.00773785387325835,0.00639284647807315,"Psmb5/Rcan1/Agap3/Ralbp1/Grk2/Rela/Diablo/Aldh2/Tacr1/Ercc2/Mt3/Coa8/Cfl1/Stk24/Romo1/Chchd2/Gpx4",17,"red"
"GO:0043161","proteasome-mediated ubiquitin-dependent protein catabolic process",0.0408653846153846,0.0149233011730409,0.000196916599250922,0.0117342924307721,0.00969461704336289,"Dnajb12/Rnf187/Psmc1/Psmb5/Agap3/Bag6/Syvn1/Vcp/Ube2k/Fbxw8/Tmub2/Ankrd9/Ltn1/Klhdc3/Aup1/Psmb3/Ubxn1",17,"red"
"GO:0006753","nucleoside phosphate metabolic process",0.0408653846153846,0.0157909349621712,0.000378194148838632,0.017624817064467,0.0145612403054874,"Gmpr/Nudt14/Atp5g1/Bcl2l1/Git1/Pfkl/Atp5o/Bad/Acsl5/Nme7/Vcp/Ak2/Nt5c3/Mpi/Zbtb7a/Gapdh/Atp5g2",17,"red"
"GO:0042391","regulation of membrane potential",0.0408653846153846,0.0162768098840841,0.000532403149454103,0.021991880093928,0.0181692127439301,"Atp5g1/Bcl2l1/Scn1b/Prelid1/Bin1/Grk2/Bad/Prkar1b/Vcp/Slc9a1/Cdk5/Prkcz/Tacr1/Kcnh2/Adra1a/Mtln/Nlgn2",17,"red"
"GO:0099003","vesicle-mediated transport in synapse",0.0384615384615385,0.00881515929756368,1.03986206665319e-06,0.000740181948259969,0.000611522217732771,"Prkaca/Bcl2l1/Git1/Snap29/Ap2m1/Bin1/Prkar1b/Cdk5/Nsg1/Dnm2/Sncb/Syn1/Scamp5/Adra1a/Nlgn2/Ncs1",16,"red"
"GO:0090150","establishment of protein localization to membrane",0.0384615384615385,0.00891927535225932,1.21341941704397e-06,0.000740181948259969,0.000611522217732771,"Rab34/Tomm40/Pex19/Arpc2/Zdhhc24/Gdi1/Atp6ap1/Bag6/Hras/Cdk5/Nsg1/Sec61a1/Zdhhc7/Get3/Romo1/Rab7",16,"red"
"GO:0060560","developmental growth involved in morphogenesis",0.0384615384615385,0.00975220378982439,3.85520392308631e-06,0.00155707402893542,0.00128642067749301,"Ifrd1/Atp5g1/Gdi1/Wnt7b/Aatk/Epb41l5/Cdk5/Prkcz/Mt3/Rpl4/Dnm2/Lrp1/Rtn4r/S1pr1/Cfl1/Cacng7",16,"red"
"GO:0051402","neuron apoptotic process",0.0384615384615385,0.0110363017977372,1.81120041989509e-05,0.00311551224005155,0.00257396841261625,"Hdgf/Ube2m/Bcl2l1/Ralbp1/Aatk/Hras/Cdk5/Diablo/Mt3/Mt1/Zpr1/Sncb/Vstm2l/Lrp1/Gapdh/Srpk2",16,"red"
"GO:0051222","positive regulation of protein transport",0.0384615384615385,0.0111404178524328,2.0313510501309e-05,0.00321041785531557,0.00265237736660112,"Pcnt/Rab34/Prkaca/Arpc2/Bad/Hras/Anp32b/Cdk5/Prkcz/Pik3r2/Zpr1/Oaz1/Lrp1/Oaz2/Nlgn2/B3gat3",16,"red"
"GO:1904951","positive regulation of establishment of protein localization",0.0384615384615385,0.0116957034774762,3.65638557732643e-05,0.00428740695921986,0.00354216232669348,"Pcnt/Rab34/Prkaca/Arpc2/Bad/Hras/Anp32b/Cdk5/Prkcz/Pik3r2/Zpr1/Oaz1/Lrp1/Oaz2/Nlgn2/B3gat3",16,"red"
"GO:0009259","ribonucleotide metabolic process",0.0384615384615385,0.0126327479697369,9.06820387265639e-05,0.00686727522439708,0.00567359334401068,"Gmpr/Atp5g1/Bcl2l1/Git1/Pfkl/Atp5o/Bad/Acsl5/Nme7/Vcp/Ak2/Nt5c3/Mpi/Zbtb7a/Gapdh/Atp5g2",16,"red"
"GO:0072521","purine-containing compound metabolic process",0.0384615384615385,0.0136044978135629,0.000211172660022109,0.0123808486964575,0.0102287877596448,"Gmpr/Atp5g1/Bcl2l1/Git1/Pfkl/Atp5o/Bad/Acsl5/Nme7/Vcp/Ak2/Nt5c3/Mpi/Zbtb7a/Gapdh/Atp5g2",16,"red"
"GO:0051098","regulation of binding",0.0384615384615385,0.0137780245713889,0.000243317845166138,0.0138196932371705,0.0114175298068913,"Pex19/Hdac5/Edf1/Ttbk1/Gnl3l/Epb41l5/Adam15/Ncbp1/Rnf220/Cdk5/Ercc2/Zbtb7a/Lrp1/Rap1gap/Cldn5/Taf10",16,"red"
"GO:0008380","RNA splicing",0.0384615384615385,0.0140209620323454,0.000295405654267522,0.0153399936180349,0.0126735688966202,"Sf3a2/Prpf4b/Pcbp4/Ncl/Ncbp1/Dhx15/Zpr1/Coil/Zbtb7a/Scaf1/Hnrnpc/Srpk2/Sf3b4/Dazap1/Snrpe/Snrpn",16,"red"
"GO:0099504","synaptic vesicle cycle",0.0360576923076923,0.00787811480530298,1.24471089974144e-06,0.000740181948259969,0.000611522217732771,"Prkaca/Bcl2l1/Git1/Snap29/Ap2m1/Bin1/Prkar1b/Cdk5/Dnm2/Sncb/Syn1/Scamp5/Adra1a/Nlgn2/Ncs1",15,"red"
"GO:0009150","purine ribonucleotide metabolic process",0.0360576923076923,0.0119733462899979,0.000168168426717596,0.0104862655931666,0.00866352442982821,"Gmpr/Atp5g1/Bcl2l1/Git1/Pfkl/Atp5o/Bad/Acsl5/Nme7/Vcp/Ak2/Mpi/Zbtb7a/Gapdh/Atp5g2",15,"red"
"GO:0006163","purine nucleotide metabolic process",0.0360576923076923,0.012806274727563,0.000344697187627215,0.0169320848246612,0.0139889200042737,"Gmpr/Atp5g1/Bcl2l1/Git1/Pfkl/Atp5o/Bad/Acsl5/Nme7/Vcp/Ak2/Mpi/Zbtb7a/Gapdh/Atp5g2",15,"red"
"GO:1902903","regulation of supramolecular fiber organization",0.0360576923076923,0.013465676407302,0.000580486883733912,0.0230698560434871,0.0190598130144266,"Arpc2/Nf2/Git1/Dstn/Pfdn6/Bin1/Capzb/Tacr1/Pik3r2/Eml2/S1pr1/Carmil2/Cfl1/Arhgap35/Arpc4",15,"red"
"GO:0042176","regulation of protein catabolic process",0.0360576923076923,0.0136392031651281,0.00066163458868083,0.0240432731232154,0.0198640290220904,"Prkaca/Tmem259/Psmd3/Bag6/Rela/Vcp/Ube2k/Gabarapl2/Fbxw8/Oaz1/Lrp1/Oaz2/Sgsm3/Ubxn1/Rab7",15,"red"
"GO:1905475","regulation of protein localization to membrane",0.0336538461538462,0.00694107031304227,1.42538476968907e-06,0.000740181948259969,0.000611522217732771,"Arpc2/Bcl2l1/Gdi1/Sqstm1/Stx7/Ap2m1/Hras/Cdk5/Rer1/Prkcz/Zdhhc7/Pik3r2/Lrp1/Nlgn2",14,"red"
"GO:0034976","response to endoplasmic reticulum stress",0.0336538461538462,0.00891927535225932,2.52512369663852e-05,0.003530317168185,0.0029166712172104,"Bcl2l1/Tmem259/Dnajb12/Grina/Bag6/Syvn1/Vcp/Ube2k/Pik3r2/Tmub2/Scamp5/Serp2/Aup1/Ubxn1",14,"red"
"GO:0046034","ATP metabolic process",0.0336538461538462,0.00912750746165059,3.25387930797016e-05,0.00394261709482385,0.00325730444408382,"Atp5g1/Bcl2l1/Git1/Pfkl/Atp5o/Bad/Uqcrc1/Vcp/Ak2/Mpi/Zbtb7a/Gapdh/Atp5g2/Chchd2",14,"red"
"GO:0048193","Golgi vesicle transport",0.0336538461538462,0.00957867703199833,5.49298188282976e-05,0.00506586497530389,0.00418530739869456,"Ergic1/Rab34/Steep1/Tex261/Kif1c/Vps52/Stx6/Vcp/Rer1/Nrbp1/Vps29/Gabarapl2/Dnm2/Tmed9",14,"red"
"GO:0072659","protein localization to plasma membrane",0.0336538461538462,0.0104810161726938,0.000142413112455781,0.00924413685315652,0.00763730469617188,"Rab34/Bcl2l1/Sqstm1/Atp6ap1/Stx7/Ap2m1/Cdk5/Rer1/Prkcz/Nsg1/Zdhhc7/Pik3r2/Lrp1/Rab7",14,"red"
"GO:0097193","intrinsic apoptotic signaling pathway",0.0336538461538462,0.0106892482820851,0.000174602225064536,0.0105779848018265,0.00873930084401965,"Zfp385a/Bcl2l1/Grina/Ralbp1/Bag6/Syvn1/Bad/Hras/Ube2k/Diablo/Aldh2/Coa8/Tpt1/Stk24",14,"red"
"GO:0032984","protein-containing complex disassembly",0.03125,0.00829457902408551,4.96310463928063e-05,0.00487591496318516,0.00402837483239478,"Arpc2/Dstn/Stmn4/Snap29/Map1lc3a/Vcp/Capzb/Lix1/Carmil2/Grwd1/Cfl1/Gspt1/Eif5a",13,"red"
"GO:1901215","negative regulation of neuron death",0.03125,0.00905809675852016,0.000120733299055816,0.00812713966792388,0.00671446592994623,"Ppp5c/Hdgf/Bcl2l1/Tmem259/Psmc1/Hras/Cdk5/Mt3/Mt1/Zpr1/Sncb/Vstm2l/Lrp1",13,"red"
"GO:0048588","developmental cell growth",0.03125,0.00961338238356355,0.000216682059132187,0.0125022108721508,0.0103290545481058,"Ifrd1/Atp5g1/Gdi1/Aatk/Cdk5/Prkcz/Mt3/Rpl4/Dnm2/Lrp1/Rtn4r/Adra1a/Cacng7",13,"red"
"GO:0043523","regulation of neuron apoptotic process",0.03125,0.00982161449295481,0.000266618682917576,0.0141849096145768,0.0117192636300261,"Hdgf/Ube2m/Bcl2l1/Ralbp1/Hras/Cdk5/Mt3/Mt1/Zpr1/Sncb/Vstm2l/Lrp1/Srpk2",13,"red"
"GO:1990138","neuron projection extension",0.0288461538461538,0.00707989171930312,4.53344607135172e-05,0.00460904484898502,0.00380789255169891,"Ifrd1/Atp5g1/Gdi1/Aatk/Cdk5/Prkcz/Mt3/Rpl4/Dnm2/Lrp1/Rtn4r/Cacng7",12,"red"
"GO:0008361","regulation of cell size",0.0288461538461538,0.00742694523495523,7.1901352023265e-05,0.00580803143565707,0.00479846917713158,"Ifrd1/Atp5g1/Gdi1/Aatk/Cdk5/Mt3/Rpl4/Dnm2/Lrp1/Rtn4r/Lamtor4/Cfl1",12,"red"
"GO:0033157","regulation of intracellular protein transport",0.0288461538461538,0.00787811480530298,0.000125722733645715,0.0083091297600395,0.00686482218356409,"Pcnt/Prkaca/Arpc2/Gdi1/Hras/Anp32b/Cdk5/Pik3r2/Zpr1/Oaz1/Oaz2/B3gat3",12,"red"
"GO:0043543","protein acylation",0.0288461538461538,0.00912750746165059,0.000482785629114935,0.0210421561848835,0.0173845715182719,"Zdhhc24/Vps72/Esco2/Bag6/Brd7/Zdhhc7/Nfyc/Ctbp1/Mcrs1/Taf10/Cdyl/Atxn7l3",12,"red"
"GO:1904375","regulation of protein localization to cell periphery",0.0264423076923077,0.0048934545706948,6.83187354904554e-06,0.00184755716812227,0.0015264115255637,"Bcl2l1/Sqstm1/Stx7/Ap2m1/Hras/Cdk5/Rer1/Prkcz/Zdhhc7/Pik3r2/Lrp1",11,"red"
"GO:0090316","positive regulation of intracellular protein transport",0.0264423076923077,0.00503227597695565,8.92831847147044e-06,0.00202840235273719,0.00167582188152008,"Pcnt/Prkaca/Arpc2/Hras/Anp32b/Cdk5/Pik3r2/Zpr1/Oaz1/Oaz2/B3gat3",11,"red"
"GO:0050770","regulation of axonogenesis",0.0264423076923077,0.0064204900395641,8.49272817917792e-05,0.00656831211304505,0.0054265965274792,"Ifrd1/Atp5g1/Gdi1/Aatk/Cdk5/Mt3/Rpl4/Map2k2/Lrp1/Rtn4r/Arhgap35",11,"red"
"GO:0032388","positive regulation of intracellular transport",0.0264423076923077,0.00648990074269452,9.34831329171459e-05,0.00693492220722093,0.00572948180907878,"Pcnt/Prkaca/Arpc2/Hras/Anp32b/Cdk5/Pik3r2/Zpr1/Oaz1/Oaz2/B3gat3",11,"red"
"GO:0051648","vesicle localization",0.0264423076923077,0.00662872214895537,0.000112821528275844,0.00773785387325835,0.00639284647807315,"Bcl2l1/Kif1c/Dctn2/Cdk5/Prkcz/Syn1/Madd/Bicdl1/Nlgn2/Tmed9/Rab7",11,"red"
"GO:0031345","negative regulation of cell projection organization",0.0264423076923077,0.00746165058652044,0.000315589831171746,0.0161573103705535,0.0133488182110154,"Ifrd1/Gdi1/Aatk/Capzb/Cdk5/Mt3/Dnm2/Lrp1/Rap1gap/Rtn4r/Cfl1",11,"red"
"GO:0030516","regulation of axon extension",0.0240384615384615,0.00392170472686888,5.84565895968103e-06,0.00184755716812227,0.0015264115255637,"Ifrd1/Atp5g1/Gdi1/Aatk/Cdk5/Mt3/Rpl4/Dnm2/Lrp1/Rtn4r",10,"red"
"GO:0006612","protein targeting to membrane",0.0240384615384615,0.004268758242521,1.24306329378528e-05,0.00265796180759383,0.00219595020258168,"Pex19/Arpc2/Zdhhc24/Gdi1/Bag6/Hras/Cdk5/Sec61a1/Zdhhc7/Get3",10,"red"
"GO:0061387","regulation of extent of cell growth",0.0240384615384615,0.00444228500034705,1.76346178092483e-05,0.00311551224005155,0.00257396841261625,"Ifrd1/Atp5g1/Gdi1/Aatk/Cdk5/Mt3/Rpl4/Dnm2/Lrp1/Rtn4r",10,"red"
"GO:0048675","axon extension",0.0240384615384615,0.00492815992226001,4.31945504987503e-05,0.00460904484898502,0.00380789255169891,"Ifrd1/Atp5g1/Gdi1/Aatk/Cdk5/Mt3/Rpl4/Dnm2/Lrp1/Rtn4r",10,"red"
"GO:0007034","vacuolar transport",0.0240384615384615,0.00527521343791213,7.67621200552482e-05,0.00606587622610494,0.00501149493175339,"Rab34/Stx7/Vps52/Bin1/Vcp/Vps29/Lrp1/Chmp3/Cacng7/Rab7",10,"red"
"GO:0050821","protein stabilization",0.0240384615384615,0.00676754355521621,0.000574719569022579,0.0230698560434871,0.0190598130144266,"Pex6/Pex19/Cdc37/Ncln/Bag6/Syvn1/Mt3/Ctnnd1/Coa8/Gapdh",10,"red"
"GO:1903076","regulation of protein localization to plasma membrane",0.0216346153846154,0.00399111542999931,4.56466615030154e-05,0.00460904484898502,0.00380789255169891,"Bcl2l1/Sqstm1/Stx7/Ap2m1/Cdk5/Rer1/Zdhhc7/Pik3r2/Lrp1",9,"red"
"GO:0007041","lysosomal transport",0.0216346153846154,0.00406052613312973,5.227148796928e-05,0.00500018049390349,0.00413104030959434,"Rab34/Stx7/Vps52/Bin1/Vcp/Lrp1/Chmp3/Cacng7/Rab7",9,"red"
"GO:1902414","protein localization to cell junction",0.0216346153846154,0.00419934753939057,6.79748308016964e-05,0.00561564795373106,0.00463952613103445,"Git1/Hras/Cdk5/Prkcz/Nsg1/Zdhhc7/Abcb1a/Nlgn2/Cacng7",9,"red"
"GO:0009152","purine ribonucleotide biosynthetic process",0.0216346153846154,0.00524050808634691,0.000363602114183865,0.0171648530527058,0.0141812280487569,"Gmpr/Atp5g1/Bcl2l1/Atp5o/Acsl5/Nme7/Vcp/Ak2/Atp5g2",9,"red"
"GO:0009260","ribonucleotide biosynthetic process",0.0216346153846154,0.00565697230512945,0.000633766742085599,0.0235075725253179,0.0194214448460818,"Gmpr/Atp5g1/Bcl2l1/Atp5o/Acsl5/Nme7/Vcp/Ak2/Atp5g2",9,"red"
"GO:0048488","synaptic vesicle endocytosis",0.0192307692307692,0.00242937460956479,7.62403233062835e-06,0.00184755716812227,0.0015264115255637,"Bcl2l1/Ap2m1/Bin1/Cdk5/Dnm2/Sncb/Scamp5/Nlgn2",8,"red"
"GO:0140238","presynaptic endocytosis",0.0192307692307692,0.00242937460956479,7.62403233062835e-06,0.00184755716812227,0.0015264115255637,"Bcl2l1/Ap2m1/Bin1/Cdk5/Dnm2/Sncb/Scamp5/Nlgn2",8,"red"
"GO:0036465","synaptic vesicle recycling",0.0192307692307692,0.00281113347678212,2.26264062243034e-05,0.00328987946501371,0.00271802681928158,"Bcl2l1/Ap2m1/Bin1/Cdk5/Dnm2/Sncb/Scamp5/Nlgn2",8,"red"
"GO:1902600","proton transmembrane transport",0.0192307692307692,0.0030540709377386,4.141887722433e-05,0.00456235208213454,0.00376931600386008,"Atp6v1f/Atp5g1/Atp6ap1/Atp6v1g2/Slc9a1/Coa8/Cox17/Atp5g2",8,"red"
"GO:0033108","mitochondrial respiratory chain complex assembly",0.0192307692307692,0.00322759769556466,6.16425589477114e-05,0.00533501670892693,0.00440767470370478,"Ndufb2/Lyrm7/Ndufs5/Ndufab1/Ndufb7/Coa8/Cox17/Ndufaf8",8,"red"
"GO:0002181","cytoplasmic translation",0.0192307692307692,0.00350524050808635,0.000110677547135949,0.00773785387325835,0.00639284647807315,"Zfp385a/Eef2/Rps2/Rpl36/Rpl18/Rps28/Eif2s2/Rpl39",8,"red"
"GO:0036503","ERAD pathway",0.0192307692307692,0.00371347261747762,0.000165615774520569,0.0104862655931666,0.00866352442982821,"Tmem259/Dnajb12/Bag6/Syvn1/Vcp/Tmub2/Aup1/Ubxn1",8,"red"
"GO:0009132","nucleoside diphosphate metabolic process",0.0192307692307692,0.00451169570347748,0.000619605028054733,0.0234610862185308,0.0193830388710543,"Git1/Pfkl/Bad/Nme7/Ak2/Mpi/Zbtb7a/Gapdh",8,"red"
"GO:0035418","protein localization to synapse",0.0168269230769231,0.00301936558617339,0.000269259632298707,0.0141849096145768,0.0117192636300261,"Git1/Hras/Cdk5/Prkcz/Nsg1/Nlgn2/Cacng7",7,"red"
"GO:0099072","regulation of postsynaptic membrane neurotransmitter receptor levels",0.0168269230769231,0.00322759769556466,0.00040547225274944,0.0186568561866356,0.0154138885688761,"Git1/Ap2m1/Hras/Prkcz/Nsg1/Ctnnd1/Cacng7",7,"red"
"GO:0009144","purine nucleoside triphosphate metabolic process",0.0168269230769231,0.00329700839869508,0.000461457776046695,0.0206233828422264,0.0170385900959594,"Atp5g1/Bcl2l1/Atp5o/Nme7/Vcp/Ak2/Atp5g2",7,"red"
"GO:0046031","ADP metabolic process",0.0168269230769231,0.00343582980495592,0.000591876460409647,0.0230698560434871,0.0190598130144266,"Git1/Pfkl/Bad/Ak2/Mpi/Zbtb7a/Gapdh",7,"red"
"GO:0071364","cellular response to epidermal growth factor stimulus",0.0144230769230769,0.00128409800791282,1.39044263171132e-05,0.00280792164792815,0.00231984375922363,"Arpc2/Git1/Grk2/Ncl/Zpr1/Cfl1",6,"red"
"GO:0070849","response to epidermal growth factor",0.0144230769230769,0.00138821406260845,2.21334347081763e-05,0.00328987946501371,0.00271802681928158,"Arpc2/Git1/Grk2/Ncl/Zpr1/Cfl1",6,"red"
"GO:0098754","detoxification",0.0144230769230769,0.00197820503921705,0.000170203485556211,0.0104862655931666,0.00866352442982821,"Ralbp1/Aldh2/Mt3/Mt2/Mt1/Abcb1a",6,"red"
"GO:0008333","endosome to lysosome transport",0.0144230769230769,0.00211702644547789,0.000248111147901265,0.0138751388095554,0.0114633377321831,"Stx7/Bin1/Vcp/Chmp3/Cacng7/Rab7",6,"red"
"GO:0009206","purine ribonucleoside triphosphate biosynthetic process",0.0144230769230769,0.00239466925799958,0.000486256153928531,0.0210421561848835,0.0173845715182719,"Atp5g1/Bcl2l1/Atp5o/Nme7/Vcp/Atp5g2",6,"red"
"GO:0009145","purine nucleoside triphosphate biosynthetic process",0.0144230769230769,0.00242937460956479,0.000525455825865126,0.0219543899657441,0.0181382392158887,"Atp5g1/Bcl2l1/Atp5o/Nme7/Vcp/Atp5g2",6,"red"
"GO:0050771","negative regulation of axonogenesis",0.0144230769230769,0.00242937460956479,0.000525455825865126,0.0219543899657441,0.0181382392158887,"Ifrd1/Gdi1/Aatk/Cdk5/Mt3/Rtn4r",6,"red"
"GO:0009201","ribonucleoside triphosphate biosynthetic process",0.0144230769230769,0.00249878531269522,0.000611195533533162,0.0233862712041373,0.0193212283342949,"Atp5g1/Bcl2l1/Atp5o/Nme7/Vcp/Atp5g2",6,"red"
"GO:0010591","regulation of lamellipodium assembly",0.0120192307692308,0.00138821406260845,0.000265806909400671,0.0141849096145768,0.0117192636300261,"Arpc2/Capzb/Dnm2/Carmil2/Cfl1",5,"red"
"GO:0050685","positive regulation of mRNA processing",0.0120192307692308,0.0015270354688693,0.000418449876796372,0.0190133162769351,0.0157083881381585,"Paf1/Ncl/Ncbp1/Sf3b4/Dazap1",5,"red"
"GO:0072583","clathrin-dependent endocytosis",0.0120192307692308,0.00156174082043451,0.000465231744996579,0.0206233828422264,0.0170385900959594,"Ap2s1/Ap2m1/Dnm2/Ap2a1/Fcho1",5,"red"
"GO:0042417","dopamine metabolic process",0.0120192307692308,0.00159644617199972,0.000515844158789684,0.0219543899657441,0.0181382392158887,"Slc6a3/Aldh2/Spr/Sncb/Maob",5,"red"
"GO:0030517","negative regulation of axon extension",0.0120192307692308,0.00166585687513015,0.000629355118915528,0.0235075725253179,0.0194214448460818,"Ifrd1/Aatk/Cdk5/Mt3/Rtn4r",5,"red"
"GO:0007398","ectoderm development",0.00961538461538462,0.000624696328173804,0.000111619149835724,0.00773785387325835,0.00639284647807315,"Nf2/Vps52/Epb41l5/Tpt1",4,"red"
"GO:0071218","cellular response to misfolded protein",0.00961538461538462,0.00076351773443465,0.000254910117387723,0.0140393678288541,0.0115990201739581,"Dnajb12/Bag6/Vcp/Aup1",4,"red"
"GO:0051788","response to misfolded protein",0.00961538461538462,0.000832928437565073,0.000361938333701563,0.0171648530527058,0.0141812280487569,"Dnajb12/Bag6/Vcp/Aup1",4,"red"
"GO:0051016","barbed-end actin filament capping",0.00961538461538462,0.000937044492260707,0.000577694130451563,0.0230698560434871,0.0190598130144266,"Arpc2/Capzb/Carmil2/Cfl1",4,"red"
"GO:0046688","response to copper ion",0.00961538461538462,0.000971749843825918,0.000666348765039783,0.0240432731232154,0.0198640290220904,"Mt3/Mt2/Mt1/Lcat",4,"red"
"GO:0061687","detoxification of inorganic compound",0.00721153846153846,0.000347053515652114,0.000332480345554079,0.0165556993984805,0.0136779585561036,"Mt3/Mt2/Mt1",3,"red"
"GO:0097501","stress response to metal ion",0.00721153846153846,0.000347053515652114,0.000332480345554079,0.0165556993984805,0.0136779585561036,"Mt3/Mt2/Mt1",3,"red"
"GO:0071712","ER-associated misfolded protein catabolic process",0.00721153846153846,0.000416464218782536,0.000596579496035154,0.0230698560434871,0.0190598130144266,"Bag6/Vcp/Aup1",3,"red"
"GO:0098693","regulation of synaptic vesicle cycle",0.00721153846153846,0.000416464218782536,0.000596579496035154,0.0230698560434871,0.0190598130144266,"Snap29/Prkar1b/Syn1",3,"red"
"GO:0050808","synapse organization",0.0742574257425743,0.0171444436732144,2.40291826576082e-06,0.00187862436801946,0.00158327117155811,"Fyn/Myh10/Epha7/Ptprd/Cabp1/Fbxo45/Lrrk2/Magi2/Ckap5/Cux2/Dact1/Lingo2/Tuba1a/Syndig1/Prnp",15,"purple"
"GO:0042176","regulation of protein catabolic process",0.0643564356435644,0.0136392031651281,4.59342501918095e-06,0.00187862436801946,0.00158327117155811,"Cav1/Fyn/Fzr1/Xbp1/Hecw1/Agtpbp1/Rnf19a/Chmp6/Sh3d19/Lrrk2/Fbxl5/Dact1/Sorl1",13,"purple"
"GO:0030900","forebrain development",0.0643564356435644,0.0138127299229541,5.26467241145742e-06,0.00187862436801946,0.00158327117155811,"Fyn/Myh10/Kat2a/Agtpbp1/Tyro3/Dclk1/Plxna4/Tbr1/Fbxo45/Lrrk2/Neurod6/Plcb1/Phactr1",13,"purple"
"GO:0034329","cell junction assembly",0.0643564356435644,0.0153050600402582,1.56732330181373e-05,0.00353417952588508,0.00297854358417798,"Acvrl1/Cav1/Cdh10/Ptprj/Epha7/Ptprd/Fbxo45/Magi2/Cdh12/Cux2/Lingo2/Bcas3/Syndig1",13,"purple"
"GO:0031331","positive regulation of cellular catabolic process",0.0643564356435644,0.0159991670715624,2.48890299052455e-05,0.00464429298031881,0.00391412743983545,"Cav1/Fzr1/Xbp1/Agtpbp1/Rnf19a/Hsf1/Rb1cc1/Exosc8/Sh3d19/Lrrk2/Fbxl5/Dact1/Nanos1",13,"purple"
"GO:0072594","establishment of protein localization to organelle",0.0594059405940594,0.01478447976678,5.17451429945188e-05,0.00674987219054661,0.00568867211185008,"Pih1d1/Rpain/Pex3/Xbp1/Kpna1/Cabp1/Dkc1/Fam53c/Lrrk2/Gcc2/Nup133/Sorl1",12,"purple"
"GO:0045732","positive regulation of protein catabolic process",0.0544554455445545,0.00780870410217255,6.06548107886148e-07,0.00169772815397333,0.0014308150629188,"Cav1/Fzr1/Xbp1/Hecw1/Agtpbp1/Rnf19a/Sh3d19/Lrrk2/Fbxl5/Dact1/Sorl1",11,"purple"
"GO:0050807","regulation of synapse organization",0.0544554455445545,0.00912750746165059,2.77916210312385e-06,0.00187862436801946,0.00158327117155811,"Fyn/Myh10/Epha7/Ptprd/Lrrk2/Magi2/Cux2/Lingo2/Tuba1a/Syndig1/Prnp",11,"purple"
"GO:0050803","regulation of synapse structure or activity",0.0544554455445545,0.00940515027417228,3.70442686949148e-06,0.00187862436801946,0.00158327117155811,"Fyn/Myh10/Epha7/Ptprd/Lrrk2/Magi2/Cux2/Lingo2/Tuba1a/Syndig1/Prnp",11,"purple"
"GO:0034504","protein localization to nucleus",0.0544554455445545,0.0111057125008676,1.76772109190394e-05,0.00353417952588508,0.00297854358417798,"Cav2/Rpain/Fyn/Xbp1/Kpna1/Taf3/Dclk1/Cabp1/Fam53c/Lrrk2/Nup133",11,"purple"
"GO:0016311","dephosphorylation",0.0544554455445545,0.0120427569931283,3.70885895956326e-05,0.00576727568212087,0.00486055726805922,"Arpp19/Calm3/Dusp6/Ptprr/Synj2/Ptprj/Ppm1l/Ptprd/Ppm1h/Magi2/Pdp1",11,"purple"
"GO:0050890","cognition",0.0544554455445545,0.0124592212119109,5.03996614818318e-05,0.00674987219054661,0.00568867211185008,"Prkar2b/Kat2a/Brinp1/Tbr1/Ckap5/Cux2/Tafa2/Plcb1/Grm4/Prnp/Mettl23",11,"purple"
"GO:1901652","response to peptide",0.0544554455445545,0.0145762476573888,0.00020027894805287,0.0175181492374994,0.0147639842956079,"Cav2/Cav1/Fyn/Xbp1/Hsf1/C1qtnf12/Ptprj/Stat2/Sorl1/Plcb1/Prnp",11,"purple"
"GO:0010563","negative regulation of phosphorus metabolic process",0.0544554455445545,0.0158603456653016,0.000409774916455322,0.0233244846427696,0.0196574604029434,"Prkar2b/Cav1/Arpp19/Dusp6/Xbp1/Ptprj/Chmp6/Hpca/Lrrk2/Sorl1/Prnp",11,"purple"
"GO:0045936","negative regulation of phosphate metabolic process",0.0544554455445545,0.0158603456653016,0.000409774916455322,0.0233244846427696,0.0196574604029434,"Prkar2b/Cav1/Arpp19/Dusp6/Xbp1/Ptprj/Chmp6/Hpca/Lrrk2/Sorl1/Prnp",11,"purple"
"GO:1903829","positive regulation of protein localization",0.0544554455445545,0.0170403276185188,0.000741161987226997,0.0324142562851307,0.0273181581147319,"Cav2/Fyn/Xbp1/Myh10/C1qtnf12/Wls/Hpca/Dkc1/Sorl1/Bcas3/Prnp",11,"purple"
"GO:0016570","histone modification",0.0544554455445545,0.0171791490247796,0.000791761943679159,0.0330767414978801,0.0278764888575805,"Pih1d1/Xbp1/Kat2a/Prmt5/Usp16/Tbr1/Pim3/Lrrk2/Bcor/Epop/Msl2",11,"purple"
"GO:0006470","protein dephosphorylation",0.0495049504950495,0.00864163253973763,1.13092595510157e-05,0.0031654617483293,0.00266779480566592,"Arpp19/Calm3/Dusp6/Ptprr/Ptprj/Ppm1l/Ptprd/Ppm1h/Magi2/Pdp1",10,"purple"
"GO:0021537","telencephalon development",0.0495049504950495,0.00895398070382453,1.53757745143475e-05,0.00353417952588508,0.00297854358417798,"Myh10/Kat2a/Agtpbp1/Plxna4/Tbr1/Fbxo45/Lrrk2/Neurod6/Plcb1/Phactr1",10,"purple"
"GO:1901653","cellular response to peptide",0.0495049504950495,0.0108627750399112,7.86288205885046e-05,0.00846469495489324,0.00713389420805015,"Cav2/Cav1/Fyn/Xbp1/Hsf1/C1qtnf12/Ptprj/Sorl1/Plcb1/Prnp",10,"purple"
"GO:0016358","dendrite development",0.0495049504950495,0.011001596446172,8.73102010406399e-05,0.00905115750787967,0.00762815440670854,"Cyth2/Fyn/Hecw1/Matn2/Dclk1/Ptprd/Lrrk2/Cux2/Dact1/Phactr1",10,"purple"
"GO:0007611","learning or memory",0.0495049504950495,0.0111751232039981,9.9293863024656e-05,0.00992584009307186,0.0083653213172276,"Prkar2b/Kat2a/Brinp1/Tbr1/Ckap5/Cux2/Tafa2/Plcb1/Grm4/Prnp",10,"purple"
"GO:1904951","positive regulation of establishment of protein localization",0.0495049504950495,0.0116957034774762,0.000143938231485494,0.0129962293525128,0.0109529907218673,"Fyn/Xbp1/Myh10/C1qtnf12/Wls/Hpca/Dkc1/Sorl1/Bcas3/Prnp",10,"purple"
"GO:0045862","positive regulation of proteolysis",0.0495049504950495,0.0123898105087805,0.000228867060972536,0.0194120879897615,0.0163601621575583,"Hip1r/Cav1/Fyn/Fzr1/Xbp1/Agtpbp1/Rnf19a/Hsf1/Sh3d19/Lrrk2",10,"purple"
"GO:0099173","postsynapse organization",0.0445544554455446,0.00718400777399875,1.67030814211278e-05,0.00353417952588508,0.00297854358417798,"Fyn/Myh10/Epha7/Ptprd/Lrrk2/Magi2/Ckap5/Cux2/Prnp",9,"purple"
"GO:1901888","regulation of cell junction assembly",0.0445544554455446,0.0076351773443465,2.70122820374667e-05,0.00472546108892934,0.00398253447670809,"Acvrl1/Cav1/Ptprj/Epha7/Ptprd/Cux2/Lingo2/Bcas3/Syndig1",9,"purple"
"GO:0033157","regulation of intracellular protein transport",0.0445544554455446,0.00787811480530298,3.45141708551479e-05,0.00568265671903288,0.00478924191246975,"Fyn/Xbp1/Hpca/Cabp1/Lrrk2/Gcc2/Sorl1/Bcas3/Prnp",9,"purple"
"GO:0051222","positive regulation of protein transport",0.0445544554455446,0.0111404178524328,0.000466194877202457,0.0240950392399585,0.0203068700990004,"Fyn/Xbp1/Myh10/C1qtnf12/Wls/Hpca/Sorl1/Bcas3/Prnp",9,"purple"
"GO:0032386","regulation of intracellular transport",0.0445544554455446,0.0116957034774762,0.000660042199810177,0.0313128494452319,0.0263899120387976,"Fyn/Xbp1/Hpca/Cabp1/Lrrk2/Gcc2/Sorl1/Bcas3/Prnp",9,"purple"
"GO:0001933","negative regulation of protein phosphorylation",0.0445544554455446,0.0122162837509544,0.000897325147897211,0.0358801869852042,0.0302391828035737,"Prkar2b/Cav1/Dusp6/Xbp1/Ptprj/Chmp6/Lrrk2/Sorl1/Prnp",9,"purple"
"GO:0043434","response to peptide hormone",0.0445544554455446,0.0124592212119109,0.00102962460816871,0.0405710449613924,0.0341925543929149,"Cav2/Cav1/Xbp1/Hsf1/C1qtnf12/Ptprj/Stat2/Sorl1/Plcb1",9,"purple"
"GO:1903364","positive regulation of cellular protein catabolic process",0.0396039603960396,0.00510168668008607,9.84090966285638e-06,0.00306052290514833,0.00257935421689604,"Cav1/Fzr1/Xbp1/Agtpbp1/Rnf19a/Lrrk2/Fbxl5/Dact1",8,"purple"
"GO:0048813","dendrite morphogenesis",0.0396039603960396,0.00648990074269452,5.54651877036699e-05,0.00674987219054661,0.00568867211185008,"Fyn/Hecw1/Dclk1/Ptprd/Lrrk2/Cux2/Dact1/Phactr1",8,"purple"
"GO:0001764","neuron migration",0.0396039603960396,0.00680224890678143,7.71184527830248e-05,0.00846469495489324,0.00713389420805015,"Katna1/Fyn/Myh10/Matn2/Dclk1/Astn2/Fbxo45/Phactr1",8,"purple"
"GO:0017038","protein import",0.0396039603960396,0.00808634691469425,0.000252712219401003,0.0202097572029545,0.0170324235692526,"Rpain/Pex3/Xbp1/Kpna1/Cabp1/Fam53c/Lrrk2/Nup133",8,"purple"
"GO:0046777","protein autophosphorylation",0.0396039603960396,0.00843340043034636,0.000335021934721872,0.0218075905880586,0.01837904909943,"Cav1/Calm3/Fyn/Rb1cc1/Tyro3/Epha7/Pim3/Lrrk2",8,"purple"
"GO:1903362","regulation of cellular protein catabolic process",0.0396039603960396,0.00867633789130284,0.000404723918974551,0.0233244846427696,0.0196574604029434,"Cav1/Fzr1/Xbp1/Agtpbp1/Rnf19a/Lrrk2/Fbxl5/Dact1",8,"purple"
"GO:0090092","regulation of transmembrane receptor protein serine/threonine kinase signaling pathway",0.0396039603960396,0.00888457000069411,0.000473464508109225,0.0240950392399585,0.0203068700990004,"Cav2/Acvrl1/Cav1/Xbp1/Gdf10/Fbn2/Magi2/Sorl1",8,"purple"
"GO:0050730","regulation of peptidyl-tyrosine phosphorylation",0.0396039603960396,0.00923162351634622,0.000608880629557056,0.0298992435461438,0.0251985501539679,"Cav2/Cav1/Fyn/Hsf1/Ptprj/Chmp6/Epha7/Prnp",8,"purple"
"GO:0071375","cellular response to peptide hormone stimulus",0.0396039603960396,0.00933573957104186,0.000655099957178024,0.0313128494452319,0.0263899120387976,"Cav2/Cav1/Xbp1/Hsf1/C1qtnf12/Ptprj/Sorl1/Plcb1",8,"purple"
"GO:0006606","protein import into nucleus",0.0346534653465347,0.00617755257860762,0.000272277786129662,0.0205974465777547,0.0173591612721642,"Rpain/Xbp1/Kpna1/Cabp1/Fam53c/Lrrk2/Nup133",7,"purple"
"GO:0051170","import into nucleus",0.0346534653465347,0.00631637398486847,0.000311557232672669,0.02180121735627,0.0183736778531435,"Rpain/Xbp1/Kpna1/Cabp1/Fam53c/Lrrk2/Nup133",7,"purple"
"GO:0051260","protein homooligomerization",0.0346534653465347,0.00631637398486847,0.000311557232672669,0.02180121735627,0.0183736778531435,"Tnfaip1/Micu1/Rnf135/Usp16/Kctd1/Kcnd2/Prnp",7,"purple"
"GO:0043409","negative regulation of MAPK cascade",0.0346534653465347,0.00655931144582495,0.000391156629218086,0.0233244846427696,0.0196574604029434,"Cav1/Dusp6/Ptprr/Xbp1/Ptprj/Dact1/Sorl1",7,"purple"
"GO:0051648","vesicle localization",0.0346534653465347,0.00662872214895537,0.00041665746057109,0.0233244846427696,0.0196574604029434,"Lin7a/Ap3m2/Lrrk2/Magi2/Dipk2a/Bloc1s2/Syndig1",7,"purple"
"GO:0007416","synapse assembly",0.0346534653465347,0.00669813285208579,0.000443470089351058,0.0240950392399585,0.0203068700990004,"Epha7/Ptprd/Fbxo45/Magi2/Cux2/Lingo2/Syndig1",7,"purple"
"GO:0097479","synaptic vesicle localization",0.0297029702970297,0.00208232109391268,4.02596934107254e-06,0.00187862436801946,0.00158327117155811,"Lin7a/Ap3m2/Lrrk2/Magi2/Bloc1s2/Syndig1",6,"purple"
"GO:0044091","membrane biogenesis",0.0297029702970297,0.00218643714860832,5.36941584285661e-06,0.00187862436801946,0.00158327117155811,"Cav2/Cav1/Pex3/Chmp6/Ptprd/Magi2",6,"purple"
"GO:0099175","regulation of postsynapse organization",0.0297029702970297,0.00385229402373846,0.00013543524586783,0.0129962293525128,0.0109529907218673,"Fyn/Epha7/Ptprd/Lrrk2/Cux2/Prnp",6,"purple"
"GO:1901890","positive regulation of cell junction assembly",0.0297029702970297,0.00430346359408621,0.000247756258695104,0.0202097572029545,0.0170324235692526,"Cav1/Ptprj/Ptprd/Cux2/Lingo2/Syndig1",6,"purple"
"GO:1903052","positive regulation of proteolysis involved in cellular protein catabolic process",0.0297029702970297,0.00437287429721663,0.000270120691014229,0.0205974465777547,0.0173591612721642,"Cav1/Fzr1/Xbp1/Agtpbp1/Rnf19a/Lrrk2",6,"purple"
"GO:0090101","negative regulation of transmembrane receptor protein serine/threonine kinase signaling pathway",0.0297029702970297,0.00447699035191227,0.000306608622915629,0.02180121735627,0.0183736778531435,"Cav2/Cav1/Xbp1/Fbn2/Magi2/Sorl1",6,"purple"
"GO:0007030","Golgi organization",0.0297029702970297,0.00471992781286874,0.000406818808676281,0.0233244846427696,0.0196574604029434,"Prmt5/Cog4/Lrrk2/Gcc2/Coro7/Bcas3",6,"purple"
"GO:0055123","digestive system development",0.0297029702970297,0.00482404386756438,0.000456878381740107,0.0240950392399585,0.0203068700990004,"Hip1r/Xbp1/Foxp4/Wls/C1galt1/Dact1",6,"purple"
"GO:0090316","positive regulation of intracellular protein transport",0.0297029702970297,0.00503227597695565,0.000571324055669945,0.0285560005682175,0.0240664888863975,"Fyn/Xbp1/Hpca/Sorl1/Bcas3/Prnp",6,"purple"
"GO:0048015","phosphatidylinositol-mediated signaling",0.0297029702970297,0.00589990976608593,0.00130505992583026,0.0473771300851048,0.0399286017640585,"Fyn/Xbp1/Plch2/Plekha1/Dipk2a/Plcb1",6,"purple"
"GO:0006403","RNA localization",0.0297029702970297,0.00600402582078156,0.00142693691694606,0.0499249553816502,0.0420758635641594,"Pih1d1/Hsf1/Dkc1/Bicd2/Nup133/Ckap5",6,"purple"
"GO:0048017","inositol lipid-mediated signaling",0.0297029702970297,0.00600402582078156,0.00142693691694606,0.0499249553816502,0.0420758635641594,"Fyn/Xbp1/Plch2/Plekha1/Dipk2a/Plcb1",6,"purple"
"GO:0071709","membrane assembly",0.0247524752475248,0.00194349968765184,4.60395897651102e-05,0.00674987219054661,0.00568867211185008,"Cav2/Cav1/Chmp6/Ptprd/Magi2",5,"purple"
"GO:0032092","positive regulation of protein binding",0.0247524752475248,0.00347053515652114,0.000707516824987138,0.0319409611796613,0.0269192734260811,"Hip1r/Cav1/Hsf1/Lrrk2/Dact1",5,"purple"
"GO:0097061","dendritic spine organization",0.0247524752475248,0.00350524050808635,0.000740183070136189,0.0324142562851307,0.0273181581147319,"Fyn/Lrrk2/Ckap5/Cux2/Prnp",5,"purple"
"GO:2000060","positive regulation of ubiquitin-dependent protein catabolic process",0.0247524752475248,0.00364406191434719,0.000882224234708433,0.0358801869852042,0.0302391828035737,"Cav1/Fzr1/Agtpbp1/Rnf19a/Lrrk2",5,"purple"
"GO:0106027","neuron projection organization",0.0247524752475248,0.00378288332060804,0.00104362816620945,0.0405710449613924,0.0341925543929149,"Fyn/Lrrk2/Ckap5/Cux2/Prnp",5,"purple"
"GO:1901800","positive regulation of proteasomal protein catabolic process",0.0247524752475248,0.00381758867217325,0.00108718864676002,0.0411221759767741,0.0346570378006998,"Cav1/Fzr1/Xbp1/Rnf19a/Lrrk2",5,"purple"
"GO:0007212","dopamine receptor signaling pathway",0.0198019801980198,0.00131880335947803,0.000143588033631455,0.0129962293525128,0.0109529907218673,"Cav2/Prmt5/Gnao1/Lrrk2",4,"purple"
"GO:0007215","glutamate receptor signaling pathway",0.0198019801980198,0.00163115152356493,0.000330296510751337,0.0218075905880586,0.01837904909943,"Fyn/Plcb1/Grm4/Prnp",4,"purple"
"GO:0048489","synaptic vesicle transport",0.0198019801980198,0.00163115152356493,0.000330296510751337,0.0218075905880586,0.01837904909943,"Lin7a/Ap3m2/Lrrk2/Bloc1s2",4,"purple"
"GO:0051646","mitochondrion localization",0.0198019801980198,0.00176997292982578,0.000452764179659113,0.0240950392399585,0.0203068700990004,"Kat2a/Agtpbp1/Synj2/Lrrk2",4,"purple"
"GO:1903533","regulation of protein targeting",0.0198019801980198,0.00197820503921705,0.000692622564130113,0.0319409611796613,0.0269192734260811,"Fyn/Hpca/Lrrk2/Prnp",4,"purple"
"GO:1903350","response to dopamine",0.0198019801980198,0.00204761574234747,0.000789378472082389,0.0330767414978801,0.0278764888575805,"Cav2/Prmt5/Gnao1/Lrrk2",4,"purple"
"GO:1903351","cellular response to dopamine",0.0198019801980198,0.00204761574234747,0.000789378472082389,0.0330767414978801,0.0278764888575805,"Cav2/Prmt5/Gnao1/Lrrk2",4,"purple"
"GO:0010656","negative regulation of muscle cell apoptotic process",0.0198019801980198,0.00211702644547789,0.000895304286614848,0.0358801869852042,0.0302391828035737,"Cav1/Hsf1/Dipk2a/Lifr",4,"purple"
"GO:0060159","regulation of dopamine receptor signaling pathway",0.0148514851485149,0.000381758867217325,5.37367234588999e-05,0.00674987219054661,0.00568867211185008,"Cav2/Prmt5/Lrrk2",3,"purple"
"GO:0048312","intracellular distribution of mitochondria",0.0148514851485149,0.000416464218782536,7.12787536893119e-05,0.008312884649016,0.00700595118498895,"Kat2a/Synj2/Lrrk2",3,"purple"
"GO:0048311","mitochondrion distribution",0.0148514851485149,0.000694107031304227,0.000354380714328856,0.0225434458956016,0.018999214851937,"Kat2a/Synj2/Lrrk2",3,"purple"
"GO:0097062","dendritic spine maintenance",0.0148514851485149,0.000867633789130284,0.000696761936090824,0.0319409611796613,0.0269192734260811,"Fyn/Ckap5/Prnp",3,"purple"
"GO:0034067","protein localization to Golgi apparatus",0.0148514851485149,0.00100645519539113,0.00108435525103961,0.0411221759767741,0.0346570378006998,"Bicd2/Gcc2/Sorl1",3,"purple"
"GO:0090314","positive regulation of protein targeting to membrane",0.0148514851485149,0.00104116054695634,0.00119865046972006,0.0447336355299528,0.0377007116160374,"Fyn/Hpca/Prnp",3,"purple"
"GO:0021952","central nervous system projection neuron axonogenesis",0.0148514851485149,0.00107586589852155,0.00132026300344343,0.0473771300851048,0.0399286017640585,"Dclk1/Plxna4/Fbxo45",3,"purple"
"GO:1901889","negative regulation of cell junction assembly",0.0148514851485149,0.00107586589852155,0.00132026300344343,0.0473771300851048,0.0399286017640585,"Acvrl1/Epha7/Bcas3",3,"purple"
"GO:0030198","extracellular matrix organization",0.0681818181818182,0.0109321857430416,1.55687071362968e-05,0.0102874442834042,0.0085137149957366,"Fbln1/P3h4/Aebp1/Gfap/Fn1/Notch1/Pbxip1/Foxc1/Lamb2",9,"cyan"
"GO:0043062","extracellular structure organization",0.0681818181818182,0.0109668910946068,1.5963757526282e-05,0.0102874442834042,0.0085137149957366,"Fbln1/P3h4/Aebp1/Gfap/Fn1/Notch1/Pbxip1/Foxc1/Lamb2",9,"cyan"
"GO:0045229","external encapsulating structure organization",0.0681818181818182,0.011001596446172,1.63673196037531e-05,0.0102874442834042,0.0085137149957366,"Fbln1/P3h4/Aebp1/Gfap/Fn1/Notch1/Pbxip1/Foxc1/Lamb2",9,"cyan"
"GO:0034504","protein localization to nucleus",0.0681818181818182,0.0111057125008676,1.76305814625608e-05,0.0102874442834042,0.0085137149957366,"Bmp7/Xpo1/Pinx1/Notch1/Uaca/Txnip/Ciz1/Ints13/Sin3a",9,"cyan"
"GO:0010639","negative regulation of organelle organization",0.0681818181818182,0.0129450961338238,5.80895633249505e-05,0.0170189086631147,0.0140845611314732,"Bmp7/Eps8/Pinx1/Rad21/Dcp2/Wasf2/Nupr1/Kank2/Mphosph9",9,"cyan"
"GO:0007346","regulation of mitotic cell cycle",0.0681818181818182,0.0166238633997362,0.000375754016133501,0.0398596885386609,0.0329872044686974,"Bmp7/Zfp36l1/Pinx1/Rad21/Kank2/Ints13/Sin3a/Foxc1/Sphk1",9,"cyan"
"GO:0001822","kidney development",0.0606060606060606,0.0114527660165197,0.000146354835487694,0.0262763220021753,0.0217458399287384,"Id3/Bmp7/Dlg5/Notch1/Kank2/Foxc1/Lamb2/Cntrl",8,"cyan"
"GO:0072001","renal system development",0.0606060606060606,0.0119733462899979,0.000198011858276763,0.0308106451478643,0.0254983691184463,"Id3/Bmp7/Dlg5/Notch1/Kank2/Foxc1/Lamb2/Cntrl",8,"cyan"
"GO:0001655","urogenital system development",0.0606060606060606,0.0134309710557368,0.000426946106883686,0.0398596885386609,0.0329872044686974,"Id3/Bmp7/Dlg5/Notch1/Kank2/Foxc1/Lamb2/Cntrl",8,"cyan"
"GO:0060485","mesenchyme development",0.053030303030303,0.0103769001179982,0.000471433349232799,0.0423202091195905,0.03502348971021,"Bmp7/Zfp36l1/Dlg5/Dab2/Fn1/Notch1/Foxc1",7,"cyan"
"GO:0050792","regulation of viral process",0.0454545454545455,0.00593461511765114,0.000141293940311929,0.0262763220021753,0.0217458399287384,"Fbln1/Ifitm3/Notch1/Znfx1/Trim56/Ifitm2",6,"cyan"
"GO:0048525","negative regulation of viral process",0.0378787878787879,0.00353994585965156,0.000109110560689938,0.0231512771500287,0.0191596056331135,"Fbln1/Ifitm3/Znfx1/Trim56/Ifitm2",5,"cyan"
"GO:1903900","regulation of viral life cycle",0.0378787878787879,0.00510168668008607,0.000593732925497757,0.0494918802897059,0.0409586435446761,"Ifitm3/Notch1/Znfx1/Trim56/Ifitm2",5,"cyan"
"GO:0060251","regulation of glial cell proliferation",0.0303030303030303,0.00145762476573888,4.11501130138092e-05,0.0170189086631147,0.0140845611314732,"Cers2/Gfap/Notch1/Idh2",4,"cyan"
"GO:0010718","positive regulation of epithelial to mesenchymal transition",0.0303030303030303,0.00166585687513015,7.00310389872156e-05,0.0170189086631147,0.0140845611314732,"Bmp7/Dab2/Notch1/Foxc1",4,"cyan"
"GO:0014009","glial cell proliferation",0.0303030303030303,0.00208232109391268,0.000168206965631233,0.0280425041273784,0.023207502401001,"Cers2/Gfap/Notch1/Idh2",4,"cyan"
"GO:0032835","glomerulus development",0.0303030303030303,0.00225584785173874,0.000229449489389837,0.0315020651903458,0.026070576658226,"Bmp7/Notch1/Foxc1/Lamb2",4,"cyan"
"GO:0043903","regulation of biological process involved in symbiotic interaction",0.0303030303030303,0.00232525855486916,0.000257931536141464,0.0334451225196765,0.0276786180596249,"Fbln1/Ifitm3/Trim56/Ifitm2",4,"cyan"
"GO:0007492","endoderm development",0.0303030303030303,0.00260290136739085,0.00039762352812665,0.0398596885386609,0.0329872044686974,"Zfp36l1/Dab2/Fn1/Notch1",4,"cyan"
"GO:1902337","regulation of apoptotic process involved in morphogenesis",0.0227272727272727,0.000555285625043382,5.03781954062657e-05,0.0170189086631147,0.0140845611314732,"Bmp7/Notch1/Foxc1",3,"cyan"
"GO:1904748","regulation of apoptotic process involved in development",0.0227272727272727,0.000589990976608593,6.09686256221713e-05,0.0170189086631147,0.0140845611314732,"Bmp7/Notch1/Foxc1",3,"cyan"
"GO:0060253","negative regulation of glial cell proliferation",0.0227272727272727,0.000624696328173804,7.29173464572183e-05,0.0170189086631147,0.0140845611314732,"Cers2/Notch1/Idh2",3,"cyan"
"GO:0070293","renal absorption",0.0227272727272727,0.000902339140695495,0.000226188345863659,0.0315020651903458,0.026070576658226,"Dab2/Slc15a2/Aqp4",3,"cyan"
"GO:0046597","negative regulation of viral entry into host cell",0.0227272727272727,0.00107586589852155,0.000384555251214385,0.0398596885386609,0.0329872044686974,"Ifitm3/Trim56/Ifitm2",3,"cyan"
"GO:0072337","modified amino acid transport",0.0227272727272727,0.00107586589852155,0.000384555251214385,0.0398596885386609,0.0329872044686974,"Slc13a3/Slc6a13/Slc6a20a",3,"cyan"
"GO:0045616","regulation of keratinocyte differentiation",0.0227272727272727,0.00111057125008676,0.000422919828979557,0.0398596885386609,0.0329872044686974,"Zfp36l1/Notch1/Foxc1",3,"cyan"
"GO:0060561","apoptotic process involved in morphogenesis",0.0227272727272727,0.00111057125008676,0.000422919828979557,0.0398596885386609,0.0329872044686974,"Bmp7/Notch1/Foxc1",3,"cyan"
"GO:1903901","negative regulation of viral life cycle",0.0227272727272727,0.00117998195321719,0.000506831370608962,0.043812756259308,0.0362586964938575,"Ifitm3/Trim56/Ifitm2",3,"cyan"
"GO:0099003","vesicle-mediated transport in synapse",0.133333333333333,0.00881515929756368,2.70102414552191e-06,0.00314669312953302,0.00226033073230518,"Efnb2/Stxbp5/Ppp3cb/Grin3a/Syt9/Prkcg",6,"royalblue"
"GO:0007409","axonogenesis",0.133333333333333,0.0171097383216492,0.000112578609918356,0.0119230982322623,0.00856459281197064,"Efnb2/Arhgef25/Stxbp5/Zeb2/Cck/Fstl4",6,"royalblue"
"GO:0007269","neurotransmitter secretion",0.111111111111111,0.0064204900395641,1.02527307027849e-05,0.00398147708958147,0.00285997224867158,"Stxbp5/Nr4a1/Grin3a/Syt9/Prkcg",5,"royalblue"
"GO:0099643","signal release from synapse",0.111111111111111,0.0064204900395641,1.02527307027849e-05,0.00398147708958147,0.00285997224867158,"Stxbp5/Nr4a1/Grin3a/Syt9/Prkcg",5,"royalblue"
"GO:0099504","synaptic vesicle cycle",0.111111111111111,0.00787811480530298,2.74422978365654e-05,0.00743653556150463,0.00534180778983165,"Stxbp5/Ppp3cb/Grin3a/Syt9/Prkcg",5,"royalblue"
"GO:0006836","neurotransmitter transport",0.111111111111111,0.00839869507878115,3.724221216733e-05,0.00743653556150463,0.00534180778983165,"Stxbp5/Nr4a1/Grin3a/Syt9/Prkcg",5,"royalblue"
"GO:0001505","regulation of neurotransmitter levels",0.111111111111111,0.00881515929756368,4.68769029985039e-05,0.00743653556150463,0.00534180778983165,"Stxbp5/Nr4a1/Grin3a/Syt9/Prkcg",5,"royalblue"
"GO:0045055","regulated exocytosis",0.111111111111111,0.00996043589921566,8.34866982767706e-05,0.00972620034924378,0.00698651843474028,"Stxbp5/Ppp3cb/Grin3a/Syt9/Prkcg",5,"royalblue"
"GO:0006887","exocytosis",0.111111111111111,0.0143680155479975,0.000455152374992155,0.0294584731592145,0.0211605928724423,"Stxbp5/Ppp3cb/Grin3a/Syt9/Prkcg",5,"royalblue"
"GO:0043406","positive regulation of MAP kinase activity",0.0888888888888889,0.00451169570347748,5.10663386197743e-05,0.00743653556150463,0.00534180778983165,"Zeb2/Map3k7/Il34/Akap13",4,"royalblue"
"GO:0016079","synaptic vesicle exocytosis",0.0888888888888889,0.00475463316443396,6.26371142997696e-05,0.00810802646213684,0.00582415273313647,"Stxbp5/Grin3a/Syt9/Prkcg",4,"royalblue"
"GO:0035148","tube formation",0.0888888888888889,0.00631637398486847,0.000187419768581188,0.0178795126495266,0.012843200864128,"Stk4/Sdccag8/Zeb2/Map3k7",4,"royalblue"
"GO:1903305","regulation of regulated secretory pathway",0.0888888888888889,0.0064204900395641,0.000199513875059095,0.0178795126495266,0.012843200864128,"Stxbp5/Grin3a/Syt9/Prkcg",4,"royalblue"
"GO:0043405","regulation of MAP kinase activity",0.0888888888888889,0.00694107031304227,0.000268585708771849,0.0218982176366276,0.0157299146339453,"Zeb2/Map3k7/Il34/Akap13",4,"royalblue"
"GO:0071902","positive regulation of protein serine/threonine kinase activity",0.0888888888888889,0.00718400777399875,0.000306084214881642,0.0218982176366276,0.0157299146339453,"Zeb2/Map3k7/Il34/Akap13",4,"royalblue"
"GO:0046777","protein autophosphorylation",0.0888888888888889,0.00843340043034636,0.000560453660152871,0.0315509140030034,0.0226636337315453,"Stk4/Aak1/Peak1/Prkcg",4,"royalblue"
"GO:0017157","regulation of exocytosis",0.0888888888888889,0.00857222183660721,0.000595811251558863,0.0315509140030034,0.0226636337315453,"Stxbp5/Grin3a/Syt9/Prkcg",4,"royalblue"
"GO:0045444","fat cell differentiation",0.0888888888888889,0.0091622128132158,0.000763933820911215,0.0386949087548507,0.0277953037814378,"Stk4/Nr4a1/Tbl1xr1/Socs7",4,"royalblue"
"GO:0030225","macrophage differentiation",0.0666666666666667,0.00156174082043451,4.82409171079175e-05,0.00743653556150463,0.00534180778983165,"Ptpn2/Il34/Nrros",3,"royalblue"
"GO:2000300","regulation of synaptic vesicle exocytosis",0.0666666666666667,0.00291524953147775,0.000310439347122704,0.0218982176366276,0.0157299146339453,"Stxbp5/Grin3a/Prkcg",3,"royalblue"
"GO:0046928","regulation of neurotransmitter secretion",0.0666666666666667,0.00423405289095579,0.000922916181599578,0.0447998896484795,0.0321806300163011,"Stxbp5/Grin3a/Prkcg",3,"royalblue"
"GO:0001841","neural tube formation",0.0666666666666667,0.00465051710973832,0.00120975770845647,0.0485988872535098,0.0349095237104498,"Stk4/Zeb2/Map3k7",3,"royalblue"
"GO:0061000","negative regulation of dendritic spine development",0.0444444444444444,0.000589990976608593,0.000319544806714738,0.0218982176366276,0.0157299146339453,"Fstl4/Grin3a",2,"royalblue"
"GO:0045649","regulation of macrophage differentiation",0.0444444444444444,0.000728812382869438,0.000491457191205776,0.0301340856713015,0.0216458984492295,"Ptpn2/Il34",2,"royalblue"
"GO:0032095","regulation of response to food",0.0444444444444444,0.000798223085999861,0.00059091355179674,0.0315509140030034,0.0226636337315453,"Cck/Prkcg",2,"royalblue"
"GO:0001945","lymph vessel development",0.0444444444444444,0.00107586589852155,0.00107747255751611,0.0477718168404007,0.0343154229845209,"Efnb2/Ppp3cb",2,"royalblue"
"GO:0032104","regulation of response to extracellular stimulus",0.0444444444444444,0.00111057125008676,0.00114816383822422,0.0477718168404007,0.0343154229845209,"Cck/Prkcg",2,"royalblue"
"GO:0032107","regulation of response to nutrient levels",0.0444444444444444,0.00111057125008676,0.00114816383822422,0.0477718168404007,0.0343154229845209,"Cck/Prkcg",2,"royalblue"
"GO:0048668","collateral sprouting",0.0444444444444444,0.00111057125008676,0.00114816383822422,0.0477718168404007,0.0343154229845209,"Zeb2/Fstl4",2,"royalblue"
